,courier_id,avg_delivery_time_per_package_mins,avg_no_orders_per_day,avg_distance_per_order,avg_distance_per_day,delivery_hour_mode,treatment
264,2019,244.0,1.0,1.2989261505165373,1.2989261505165373,12,0
586,4388,136.5,1.0,0.06350077644838048,0.06350077644838048,14,0
210,1595,207.0,1.0,0.44285605901283265,0.44285605901283265,14,0
38,214,34.5,1.0,7.034969811051165,7.034969811051165,13,0
639,4753,0.0,1.0,3.609013678865571,3.609013678865571,14,0
564,4172,70.0,1.0,0.04220685249776908,0.04220685249776908,16,0
455,3282,105.0,1.0,3.4151924118749224,3.4151924118749224,8,0
331,2442,142.5,1.0,3.2731632788103244,3.2731632788103244,19,0
450,3240,159.5,1.0,1.3673531837119866,1.3673531837119866,12,0
447,3233,20.0,1.0,1.891630340948161,1.891630340948161,18,0
19,99,7.0,1.0,1.640443348159509,1.640443348159509,19,0
631,4683,286.0,1.0,1.287022673460891,1.287022673460891,12,0
443,3208,10.0,1.0,0.03342593142857511,0.03342593142857511,17,0
343,2516,603.0,1.0,0.06712549821569679,0.06712549821569679,9,0
561,4145,77.0,1.0,3.604094651866542,3.604094651866542,18,0
76,482,144.0,1.0,0.06631215068543406,0.06631215068543406,19,0
367,2645,238.0,1.0,10.20096413461217,10.20096413461217,14,0
419,3069,122.0,1.0,2.391493867010546,2.391493867010546,9,0
90,611,70.0,1.0,1.8437667203030892,1.8437667203030892,8,0
94,632,98.0,1.0,0.338164995804626,0.338164995804626,12,0
393,2900,85.16666666666667,1.0,0.17855345919602136,0.17855345919602136,18,0
504,3663,250.0,1.0,0.034560112893941126,0.034560112893941126,11,0
106,733,562.0,1.0,0.4269341041653044,0.4269341041653044,12,0
4,29,186.66666666666666,1.0,2.2731240506866657,2.2731240506866657,13,0
267,2024,34.25,1.0,0.910570589900398,0.910570589900398,10,0
107,734,180.0,1.0,1.9352327325059713,1.9352327325059713,14,0
625,4652,141.0,1.0,1.5859119690840153,1.5859119690840153,18,0
642,4778,134.5,1.0,2.1939737981923804,2.1939737981923804,11,0
102,685,138.5,1.1111111111111112,0.028660371599799273,0.0318448573331103,12,0
568,4219,106.71428571428571,1.1666666666666667,2.4256682622131045,2.8299463059152887,9,0
294,2155,118.33333333333333,1.2,1.2975471384410249,1.55705656612923,18,0
356,2575,119.6,1.25,1.5111600139922579,1.8889500174903224,10,0
338,2483,127.94736842105263,1.2666666666666666,3.789624249890102,4.800190716527463,17,0
629,4672,53.333333333333336,1.5,7.41719023647287,11.125785354709306,21,0
125,901,241.0,1.6,4.580123500917252,7.328197601467603,15,0
72,443,206.94202898550725,1.6428571428571428,0.6522077454047236,1.071484153164903,17,0
392,2850,121.6,1.6666666666666667,1.2868514456356486,2.1447524093927477,9,0
420,3071,257.55,1.6666666666666667,1.0925692581669293,1.8209487636115487,10,0
13,61,64.97368421052632,1.7272727272727273,2.398145813133776,4.142251859049249,14,0
60,373,228.71428571428572,1.75,1.887292906265263,3.3027625859642105,18,0
302,2225,69.42857142857143,1.75,1.7158846508394865,3.0027981389691014,20,0
295,2163,74.5,1.75,0.9568910198075233,1.6745592846631658,18,0
326,2412,228.88888888888889,1.8,1.217631550218764,2.191736790393775,15,0
415,3035,31.045454545454547,1.8333333333333333,0.6529307189490009,1.1970396514065016,17,0
635,4729,50.166666666666664,1.8461538461538463,2.7298673228129613,5.039755057500852,14,0
426,3104,69.0,1.8461538461538463,0.7546094224807324,1.3931250876567367,15,0
179,1357,141.19354838709677,1.9375,1.3427450038348923,2.6015684449301038,9,0
484,3522,31.727891156462587,1.96,0.5463351302459192,1.0708168552820017,16,0
459,3327,158.5,2.0,0.8267521337498769,1.6535042674997538,9,0
92,628,119.0,2.0,1.2257363912534671,2.4514727825069342,9,0
582,4328,255.5,2.0,3.8927397262632555,7.785479452526511,12,0
158,1183,11.5,2.0,0.688015431456893,1.376030862913786,13,0
612,4574,409.4375,2.2857142857142856,1.8690513986585309,4.272117482648071,8,0
214,1659,162.08695652173913,2.3,2.561086773023654,5.890499577954404,19,0
348,2530,109.85714285714286,2.3333333333333335,3.359580386103167,7.839020900907389,11,0
406,3004,217.82258064516128,2.48,3.1126017383170517,7.719252311026288,10,0
501,3641,138.86666666666667,2.5,1.9259447113654988,4.814861778413747,19,0
320,2389,213.52380952380952,2.625,9.18026153471523,24.09818652862748,11,0
18,86,155.5,2.6666666666666665,2.171138650818941,5.78970306885051,20,0
621,4635,116.0,2.6666666666666665,0.6087098850032949,1.6232263600087864,15,0
53,329,46.29139072847682,2.6964285714285716,0.8488281625540798,2.2888045097440366,18,0
105,727,133.47368421052633,2.7142857142857144,1.7964496439629165,4.876077605042203,15,0
598,4473,29.666666666666668,3.0,1.860028405568374,5.580085216705122,12,0
435,3130,63.333333333333336,3.0,2.351436077849212,7.054308233547636,15,0
556,4093,78.0,3.0,1.1717777318724127,3.515333195617238,10,0
293,2152,109.90322580645162,3.1,2.5137925908828063,7.7927570317367,12,0
208,1590,119.82142857142857,3.111111111111111,3.000508577334808,9.334915573930513,9,0
116,814,55.6875,3.2,0.6411924909407881,2.051815971010522,18,0
532,3885,146.89655172413794,3.2222222222222223,9.969127199900496,32.12274319967938,16,0
512,3739,311.8095238095238,3.230769230769231,3.48072953011756,11.245433866533656,16,0
34,192,66.38461538461539,3.25,1.7459284288412225,5.674267393733973,18,0
405,2997,81.38461538461539,3.25,1.8501618693532735,6.013026075398139,10,0
492,3597,178.025,3.3333333333333335,1.3126407438027894,4.375469146009298,13,0
32,188,130.79057591623035,3.3508771929824563,1.0640497246379546,3.565499954488585,20,0
303,2229,33.5945945945946,3.3636363636363638,0.7940044660789376,2.67074229499279,18,0
362,2594,92.92857142857143,3.5,1.3338782556540945,4.668573894789331,18,0
489,3550,177.14285714285714,3.5,0.7835981756295567,2.7425936147034484,15,0
289,2124,180.6,3.5714285714285716,0.8160461845400582,2.9144506590716364,11,0
337,2479,144.08490566037736,3.6551724137931036,8.203765136957736,29.986176017845523,11,0
462,3353,236.3181818181818,3.6666666666666665,3.604538219068139,13.216640136583175,11,0
445,3218,128.04545454545453,3.6666666666666665,1.8018764518635442,6.606880323499662,17,0
508,3702,98.0,3.7142857142857144,2.2294284414159486,8.280734210973524,17,0
108,746,128.79591836734693,3.769230769230769,2.1370382799948473,8.054990439980578,10,0
490,3567,58.75438596491228,3.8,2.055899365248175,7.812417587943064,19,0
400,2934,47.75,4.0,1.253717843675826,5.014871374703304,15,0
583,4348,113.5,4.0,1.4528395111337826,5.8113580445351305,15,0
10,53,146.67857142857142,4.0,1.7320311878228487,6.928124751291395,13,0
539,3944,52.5,4.0,1.105272131377974,4.421088525511896,18,0
332,2446,63.408,4.032258064516129,1.2847123071010245,5.180291560891227,19,0
341,2489,139.7863247863248,4.178571428571429,5.430450590869204,22.691525683274886,15,0
164,1221,75.52941176470588,4.25,2.2017341223407776,9.357370019948304,17,0
599,4481,327.7358490566038,4.416666666666667,1.5834695998174506,6.99365739919374,9,0
585,4354,95.77777777777777,4.5,0.9407088783689509,4.233189952660279,10,0
528,3862,153.88888888888889,4.5,5.917094092503094,26.62692341626392,15,0
553,4063,296.6666666666667,4.5,2.3686516740900427,10.658932533405192,12,0
565,4174,203.97285067873304,4.510204081632653,2.854120959617201,12.872668001538804,13,0
487,3544,439.2,5.0,3.778312975290838,18.89156487645419,8,0
640,4756,263.5,5.0,1.2166101982177675,6.083050991088838,10,0
546,3991,156.5,5.0,1.282638212400419,6.413191062002094,15,0
407,3008,307.2,5.0,2.7295260963870627,13.647630481935314,20,0
557,4100,159.2,5.0,6.951837553232392,34.75918776616196,11,0
150,1105,46.4,5.0,1.8344577480730944,9.172288740365472,10,0
391,2843,144.85410334346506,5.140625,1.675234093954245,8.61175026423354,18,0
178,1355,118.11111111111111,5.142857142857143,1.6741459409672537,8.609893410688732,16,0
374,2731,20.903225806451612,5.166666666666667,1.9072047156512588,9.853891030864837,12,0
119,848,150.8353096179183,5.198630136986301,1.2508472656241059,6.502692291840386,9,0
269,2028,161.32432432432432,5.285714285714286,1.3899543223766524,7.346901418276592,18,0
7,43,81.21153846153847,5.473684210526316,6.818502341065637,37.32232860372769,20,0
479,3492,44.54545454545455,5.5,2.1663745547307918,11.915060051019355,11,0
449,3238,169.8031496062992,5.521739130434782,7.696645102740988,42.49886643687415,11,0
552,4060,103.15384615384616,5.571428571428571,0.8354435161779004,4.654613875848303,9,0
0,0,112.23529411764706,5.666666666666667,1.1206277156526576,6.350223722031726,9,0
47,277,111.91176470588235,5.666666666666667,1.301973992341863,7.377852623270557,20,0
429,3114,91.28260869565217,5.75,1.4081322586374276,8.09676048716521,8,0
240,1903,199.1304347826087,5.75,4.938413435221781,28.395877252525242,15,0
605,4535,62.53846153846154,5.777777777777778,0.5571350266315983,3.219002376093679,18,0
466,3420,142.91666666666666,6.0,1.9172247130924194,11.503348278554517,16,0
580,4317,131.58333333333334,6.0,0.8671529410711454,5.202917646426872,11,0
304,2239,133.16666666666666,6.0,1.2247520824652054,7.348512494791232,14,0
410,3019,136.83333333333334,6.0,1.151182107233921,6.907092643403526,16,0
359,2584,71.125,6.0,1.9777239110467864,11.866343466280718,9,0
110,751,104.66666666666667,6.0,2.2947939205366303,13.768763523219782,9,0
633,4712,117.83582089552239,6.090909090909091,5.162592760540412,31.444883177837053,16,0
313,2331,90.22014925373135,6.090909090909091,2.846958469625903,17.340565224085044,16,0
286,2097,92.32432432432432,6.166666666666667,1.2248453277209517,7.553212854279202,8,0
203,1544,122.81917808219178,6.186440677966102,0.7282061767270637,4.5050043136504785,16,0
602,4502,43.37275985663082,6.2,1.1903813298403603,7.380364245010234,15,0
276,2053,53.92307692307692,6.5,2.248166565291209,14.613082674392858,9,0
513,3749,249.6153846153846,6.5,2.688321888526893,17.474092275424805,12,0
603,4508,264.05,6.666666666666667,2.292882544738927,15.285883631592846,11,0
472,3446,285.58706467661693,6.7,2.861703284267568,19.173412004592706,10,0
161,1202,52.851351351351354,6.7272727272727275,1.240217726873029,8.343282889873104,13,0
250,1964,133.859649122807,6.84,1.4373755386176867,9.831648684144977,9,0
292,2151,43.262135922330096,6.866666666666666,0.7003472179105978,4.809050896319438,16,0
340,2487,108.16666666666667,7.0,0.9359253684987979,6.551477579491586,10,0
402,2964,41.42857142857143,7.0,0.94318054579158,6.60226382054106,11,0
312,2328,103.28571428571429,7.0,0.8212345118774059,5.748641583141842,14,0
616,4602,61.857142857142854,7.0,1.8653819310462516,13.057673517323762,9,0
358,2580,123.14285714285714,7.0,2.640142414443307,18.48099690110315,16,0
168,1273,85.09302325581395,7.166666666666667,9.892580058777854,70.89682375457461,16,0
190,1453,72.48837209302326,7.166666666666667,1.5398881632921684,11.035865170260541,20,0
536,3914,54.611111111111114,7.2,2.3117629772911523,16.644693436496297,19,0
220,1708,186.68965517241378,7.25,2.403544028599583,17.425694207346975,16,0
370,2686,98.24137931034483,7.25,1.2454689534225485,9.029649912313477,14,0
194,1468,63.108695652173914,7.2631578947368425,0.7041297663785759,5.114205671591762,18,0
529,3864,64.70270270270271,7.4,1.338273606330225,9.903224686843664,9,0
475,3459,91.14233576642336,7.405405405405405,2.23084041882135,16.520277696136485,16,0
9,51,94.82692307692308,7.428571428571429,1.9279843311822842,14.322169317354112,9,0
170,1318,145.4,7.5,1.696082272726055,12.720617045445412,10,0
265,2020,130.6,7.5,1.268257752947709,9.511933147107818,8,0
154,1154,104.45182724252491,7.525,3.682657047841387,27.711994285006437,9,0
98,663,54.87755102040816,7.538461538461538,1.541239819649026,11.61857710196958,11,0
476,3475,65.87301587301587,7.56,1.4275679500503105,10.792413702380347,16,0
577,4274,98.90217391304348,7.666666666666667,2.118196380807005,16.239505586187036,15,0
335,2473,142.82608695652175,7.666666666666667,1.8737860446954775,14.365693009331993,9,0
590,4418,121.13004484304933,7.689655172413793,2.5681909315872753,19.748502680826288,16,0
254,1983,90.25229357798165,7.785714285714286,2.274590931131352,17.709315106665525,8,0
142,1041,38.282051282051285,7.8,5.794039055740497,45.19350463477588,16,0
5,35,248.14893617021278,7.833333333333333,2.306749234213838,18.069535668008395,8,0
137,993,176.39310344827587,7.909090909090909,2.8258512736100294,22.34991461855205,9,0
230,1795,148.71875,8.0,7.4292927525338595,59.434342020270876,10,0
186,1433,93.5,8.0,2.170318218223353,17.362545745786825,9,0
75,478,171.1875,8.0,3.7406306916436445,29.925045533149156,14,0
481,3502,103.0,8.0,3.2080213204382835,25.664170563506268,12,0
155,1158,100.80530973451327,8.071428571428571,1.1566471235999662,9.335794640485442,18,0
65,401,139.0909090909091,8.25,2.6582878369045253,21.930874654462333,10,0
228,1783,95.04545454545455,8.25,1.5133070783724893,12.484783396573038,15,0
54,333,127.93406593406593,8.272727272727273,3.6030732203681755,29.807242095773088,10,0
555,4071,81.91566265060241,8.3,0.9032036227367678,7.496590068715173,16,0
526,3852,169.55818181818182,8.333333333333334,0.9297934265440315,7.748278554533596,16,0
548,3994,125.19377990430623,8.36,2.0301553675427946,16.97209887265776,18,0
284,2088,55.44615384615385,8.425925925925926,1.2766317257613384,10.756804355952019,9,0
380,2761,101.10169491525424,8.428571428571429,0.8281423923099894,6.9800573066127685,20,0
35,196,18.764705882352942,8.5,1.0424535728100315,8.860855368885268,12,0
275,2043,54.8235294117647,8.5,1.8062462352897286,15.353092999962692,17,0
345,2522,96.56122448979592,8.521739130434783,1.464080971679218,12.476516106483771,15,0
540,3955,41.25581395348837,8.6,1.3860922354433405,11.92039322481273,8,0
576,4266,162.4077380952381,8.615384615384615,2.673936760144218,23.03699362585788,9,0
124,887,64.32183908045977,8.7,1.1715523684811509,10.192505605786014,14,0
132,969,82.13636363636364,8.8,0.6032493168190635,5.308593988007759,14,0
500,3636,107.05444646098003,8.887096774193548,2.9045464697615158,25.812985561912825,16,0
588,4413,80.89397089397089,8.907407407407407,1.7995987681586039,16.029759397857195,16,0
166,1235,82.5944055944056,8.9375,0.7170658961696335,6.408776447016099,16,0
468,3431,173.59868421052633,8.941176470588236,1.5425272552406313,13.792008399798585,16,0
644,4788,199.88832487309645,8.954545454545455,6.5681481232340815,58.814780921687,10,0
473,3449,34.0,9.0,1.076330986638871,9.686978879749839,10,0
427,3105,123.66666666666667,9.0,0.7645161339875325,6.8806452058877925,13,0
51,304,68.77289377289377,9.1,2.050512117205739,18.659660266572224,16,0
336,2474,61.31578947368421,9.5,1.8344256542659916,17.42704371552692,9,0
441,3199,95.17105263157895,9.5,2.39079984996313,22.712598574649736,9,0
389,2841,126.03316326530613,9.560975609756097,1.248349315367416,11.935437356683586,9,0
457,3293,92.3731343283582,9.571428571428571,2.449098287559802,23.441369323786677,17,0
258,2001,87.50967741935484,9.627329192546584,0.9814099242468091,9.448356413556237,16,0
452,3256,94.12068965517241,9.666666666666666,1.5455263347206336,14.940087902299458,8,0
159,1194,70.94845360824742,9.7,1.4101619301303197,13.678570722264102,8,0
544,3985,58.02,10.0,1.7812345034184014,17.812345034184013,16,0
25,143,129.7,10.0,4.204425750562279,42.04425750562279,9,0
151,1117,121.7,10.0,0.9308857691568431,9.30885769156843,11,0
104,715,113.4,10.0,10.320020914220951,103.20020914220952,15,0
593,4446,83.1,10.0,0.9839730414927212,9.839730414927212,11,0
584,4350,96.9,10.0,2.335331422425273,23.35331422425273,9,0
628,4665,76.1,10.0,1.3430950100923857,13.430950100923857,10,0
456,3289,46.5,10.0,1.3898222695698974,13.898222695698975,8,0
167,1251,105.1,10.0,2.0565569515270723,20.565569515270724,12,0
172,1331,56.19607843137255,10.2,2.072538583141215,21.139893548040394,11,0
597,4465,106.54166666666667,10.285714285714286,2.2223491938447633,22.858448850974707,13,0
146,1069,164.34112903225807,10.333333333333334,2.5798884228290158,26.65884703589983,8,0
624,4649,54.42168674698795,10.375,1.1249743169237671,11.671608538084083,8,0
470,3437,77.37336244541484,10.409090909090908,1.3102703671527112,13.638723367180495,17,0
308,2266,110.7514450867052,10.484848484848484,0.9366263495126298,9.820385361556664,16,0
604,4531,58.58490566037736,10.6,2.320042756933273,24.59245322349269,9,0
607,4545,109.15625,10.666666666666666,1.2526099029977962,13.36117229864316,12,0
209,1594,88.28571428571429,10.68421052631579,1.2851630660918167,13.730952758770464,16,0
431,3120,70.61713286713287,10.79245283018868,1.2627313918748893,13.62796898400824,17,0
282,2077,55.021223470661674,10.824324324324325,3.7167696334408316,40.2315199511636,16,0
195,1470,64.86363636363636,11.0,0.5025544416120487,5.528098857732536,17,0
610,4569,69.04545454545455,11.0,0.946899137208197,10.415890509290167,8,0
566,4190,100.54545454545455,11.0,1.9530227263082773,21.48324998939105,16,0
278,2065,69.63636363636364,11.0,1.9136058751717264,21.04966462688899,19,0
55,342,76.0909090909091,11.0,2.7462910013081827,30.209201014390008,15,0
620,4626,44.18181818181818,11.0,1.422237791866658,15.644615710533238,15,0
305,2245,187.36363636363637,11.0,1.8383891325112958,20.222280457624255,10,0
368,2652,87.23870967741935,11.071428571428571,1.9860312125420332,21.988202710286796,9,0
3,13,69.87426035502959,11.081967213114755,1.2964872707043134,14.367629426165832,15,0
202,1540,147.36040609137055,11.150943396226415,3.3239143780744356,37.06478108381116,16,0
88,594,85.1470588235294,11.333333333333334,8.523022448966493,96.59425442162025,18,0
129,951,199.94736842105263,11.4,7.263474386428094,82.80360800528027,9,0
562,4151,68.17307692307692,11.414634146341463,1.3941971670777755,15.914250590058511,9,0
271,2030,55.47826086956522,11.5,1.0087332075368545,11.600431886673826,10,0
241,1912,82.89673913043478,11.5,2.395959907020368,27.553538930734234,19,0
352,2565,129.71875,11.52,1.3584549702835844,15.649401257666893,16,0
357,2577,55.0,11.666666666666666,1.4551580083827425,16.976843431131993,9,0
634,4721,76.27237354085604,11.681818181818182,2.704929726814555,31.598497263242756,14,0
589,4417,66.14893617021276,11.75,1.335945488228504,15.697359486684922,16,0
273,2035,53.872727272727275,11.785714285714286,0.8714710722028618,10.270909065248015,11,0
464,3388,57.59036144578313,11.857142857142858,1.2953070750295705,15.358641032493479,10,0
329,2438,92.79775280898876,11.866666666666667,2.2322128061426265,26.48892529955917,18,0
163,1216,56.666666666666664,12.0,1.2733211630160077,15.279853956192094,21,0
115,808,56.361111111111114,12.0,1.3117977188983536,15.741572626780242,10,0
383,2807,87.47222222222223,12.0,2.0022280350471977,24.02673642056637,8,0
128,950,41.5,12.0,0.9680253117346034,11.61630374081524,9,0
134,977,110.58333333333333,12.0,2.708930658805205,32.50716790566246,9,0
219,1706,48.416666666666664,12.0,0.7196855533195691,8.63622663983483,17,0
143,1054,79.58333333333333,12.0,1.8190149776415518,21.828179731698622,11,0
560,4141,70.25,12.0,1.2548175697753716,15.057810837304459,8,0
509,3719,213.68397626112758,12.035714285714286,2.142154266393462,25.782356706235596,16,0
169,1316,177.23570595099184,12.070422535211268,2.477794280660806,29.908023922905787,9,0
187,1438,78.37912087912088,12.133333333333333,1.7275814296927092,20.961321346938202,17,0
6,36,90.74418604651163,12.285714285714286,0.7718562711986569,9.482805617583498,9,0
103,703,67.86486486486487,12.333333333333334,0.7319890721492602,9.02786522317421,10,0
378,2745,137.8097949886105,12.453900709219859,1.6817369652291312,20.944185183988328,15,0
515,3767,64.57919075144508,12.53623188405797,0.7159231744355232,8.974978925894602,10,0
632,4699,91.86069651741293,12.5625,1.1659676400120613,14.64746847765152,16,0
39,221,105.35800185013876,12.569767441860465,2.6400651880377897,33.185005444986636,16,0
387,2833,277.6031746031746,12.6,7.860090466307073,99.03713987546912,9,0
361,2593,118.48514851485149,12.625,1.4246045866404282,17.985632906335407,9,0
439,3162,122.61960784313726,12.644628099173554,1.4518557324473702,18.35817579045022,15,0
595,4451,88.5,12.666666666666666,1.9143695145500241,24.24868051763364,8,0
641,4764,104.29411764705883,12.75,1.087436451125679,13.864814751852409,9,0
296,2169,95.88461538461539,13.0,2.0795472492294333,27.034114239982635,9,0
525,3848,219.5897435897436,13.0,8.699373738301139,113.09185859791482,9,0
390,2842,139.07692307692307,13.0,1.6603845904246144,21.584999675519985,9,0
328,2423,52.87179487179487,13.0,1.002115157585241,13.027497048608131,8,0
434,3126,36.020833333333336,13.090909090909092,3.1681315313220773,41.47372186457992,14,0
242,1917,98.28813559322033,13.11111111111111,2.7893342897821207,36.57127179936558,8,0
251,1969,239.3625,13.333333333333334,9.461815851451671,126.15754468602228,10,0
423,3084,85.3951367781155,13.337837837837839,1.3291070509584366,17.7274143148105,8,0
84,565,71.92592592592592,13.5,1.9215605582534516,25.941067536421595,9,0
646,4824,74.29629629629629,13.5,1.056787677254034,14.26663364292946,17,0
191,1460,114.27549194991056,13.55151515151515,3.8399484177440204,52.037119164094726,16,0
549,4022,128.8048780487805,13.666666666666666,2.2861784627047643,31.244438990298445,8,0
619,4624,173.29268292682926,13.666666666666666,2.9434871413450594,40.22765759838248,11,0
139,1004,122.51041666666667,13.714285714285714,3.2690722932928917,44.83299145087394,17,0
46,271,93.58181818181818,13.75,0.7183462219351899,9.877260551608861,9,0
91,627,60.32142857142857,14.0,0.8909530846037764,12.47334318445287,8,0
183,1384,79.54516640253566,14.022222222222222,0.5540937465938646,7.769625646682856,16,0
474,3451,97.83838383838383,14.142857142857142,1.6120253159877969,22.798643754684555,8,0
417,3055,121.8525641025641,14.181818181818182,1.7795887131761048,25.237803568679304,13,0
245,1935,83.24561403508773,14.25,1.0110088226668075,14.406875723002008,10,0
622,4641,39.58031088082902,14.296296296296296,1.5180796611622793,21.702916637357028,9,0
145,1068,99.91867469879519,14.434782608695652,1.6247794164447182,23.45333766346289,11,0
306,2254,66.89437984496124,14.535211267605634,1.4141740454367473,20.55531851958765,8,0
395,2905,44.61875,14.545454545454545,1.3526478021609991,19.674877122341805,9,0
118,839,84.58206106870229,14.555555555555555,2.8132700636058376,40.94870870359608,9,0
212,1628,191.10687022900763,14.555555555555555,2.28698474065145,33.28833344725999,9,0
418,3068,72.64032697547684,14.68,1.527202654382172,22.419334966330283,9,0
533,3895,113.22448979591837,14.7,1.7753585280804651,26.097770362782835,10,0
127,946,89.26666666666667,15.0,0.8251416682844936,12.377125024267405,8,0
224,1758,33.56666666666667,15.0,0.7205924150354461,10.808886225531692,9,0
227,1782,90.33333333333333,15.0,1.8377504292728049,27.566256439092072,11,0
381,2780,152.73333333333332,15.0,3.2796623277244596,49.194934915866895,15,0
550,4026,99.1481081081081,15.163934426229508,1.6657806249125797,25.25978816465797,16,0
131,960,299.2889447236181,15.307692307692308,5.793872021461771,88.69081017468405,9,0
373,2703,86.53260869565217,15.333333333333334,2.210827492780824,33.89935488930597,13,0
36,201,89.015,15.384615384615385,1.3707789948086182,21.08890761244028,16,0
138,996,140.35706967213116,15.492063492063492,1.355039587033629,20.992359316584473,9,0
37,210,54.61290322580645,15.5,1.2409155559683618,19.234191117509607,15,0
422,3080,130.6451612903226,15.5,3.151291717748017,48.84502162509426,9,0
114,803,122.16129032258064,15.5,0.7817121141374344,12.116537769130233,16,0
262,2010,217.7592233009709,15.606060606060606,3.008354703087496,46.94856582091092,8,0
16,77,37.912,15.625,1.3015948502462804,20.33741953509813,11,0
600,4482,35.54255319148936,15.666666666666666,0.7447911638603678,11.668394900479095,14,0
290,2129,98.9581081081081,15.74468085106383,1.3427742366025588,21.141551810338157,10,0
277,2055,116.70588235294117,15.75609756097561,2.0526611682934908,32.34192962725841,9,0
414,3031,71.56936736958934,15.807017543859649,0.4484272114076967,7.088296797865522,16,0
26,148,58.75675675675676,15.857142857142858,1.036771426551716,16.440232621034355,16,0
270,2029,56.390756302521005,15.866666666666667,0.5335804312801327,8.466142842978105,10,0
197,1494,170.02083333333334,16.0,2.4201044712955606,38.72167154072897,9,0
534,3907,97.625,16.0,0.415945547406648,6.655128758506368,8,0
218,1701,131.78125,16.0,1.7306418847104723,27.690270155367557,10,0
384,2810,183.99651081646894,16.28409090909091,1.6423419348041668,26.744045370163306,7,0
486,3541,60.79742033383915,16.475,1.8800764190260912,30.974259003454854,9,0
322,2392,235.83168316831683,16.833333333333332,3.4609117832698844,58.25868168504306,9,0
149,1097,68.58857696030978,16.934426229508198,0.900387344765825,15.247543067919628,16,0
511,3729,37.411764705882355,17.0,1.405973291031278,23.901545947531726,11,0
542,3967,69.26470588235294,17.0,0.6716034649640947,11.41725890438961,19,0
8,44,201.0,17.0,1.7263603970114227,29.348126749194186,15,0
171,1323,85.82352941176471,17.0,1.731430330835109,29.434315624196856,11,0
353,2569,197.94117647058823,17.0,3.582731753731743,60.90643981343963,9,0
446,3229,83.79411764705883,17.0,2.786135707222758,47.36430702278688,9,0
510,3726,77.60833333333333,17.142857142857142,0.9219258640644132,15.80444338396137,15,0
45,261,333.3009708737864,17.166666666666668,6.285734230188344,107.90510428489989,9,0
491,3588,118.68392857142857,17.23076923076923,2.2047096671977635,37.98884349633069,9,0
78,494,55.038993264799714,17.30674846625767,1.125579117059253,19.480114657816888,15,0
52,315,189.80651268458917,17.375,7.323667587821739,127.24872433840272,9,1
467,3425,154.42528735632183,17.4,1.0875794584167011,18.923882576450602,9,1
398,2913,107.5632183908046,17.4,1.6692685315155646,29.045272448370827,8,1
193,1466,44.71413934426229,17.428571428571427,0.907579499681242,15.817814137301644,11,1
543,3979,79.8048780487805,17.571428571428573,1.756941234941015,30.87196741396355,18,1
96,653,96.85227272727273,17.6,1.2827422937599875,22.57626437017578,17,1
416,3041,79.6943045331267,17.67808219178082,1.9083065263278833,33.735199619536075,16,1
346,2526,59.38028169014085,17.75,1.1833218553774156,21.00396293294913,8,1
451,3247,192.5974025974026,17.76923076923077,6.665300831171492,118.4372686154319,9,1
233,1852,89.0561797752809,17.8,0.4090579323143857,7.2812311951960655,13,1
575,4264,88.38439095550693,17.805194805194805,0.6431973121132315,11.45225344035377,16,1
281,2076,22.990654205607477,17.833333333333332,1.3851725639975963,24.702244057957135,10,1
396,2909,80.4253112033195,17.85185185185185,2.0742369137594934,37.028970090076875,8,1
58,358,97.77094972067039,17.9,3.4915174926690207,62.49816311877547,9,1
244,1931,74.05555555555556,18.0,0.7154298640002457,12.877737552004422,16,1
570,4223,78.35185185185185,18.0,0.6292113801951059,11.325804843511905,10,1
204,1548,129.16666666666666,18.0,2.8322444472806567,50.980400051051824,9,1
648,4861,65.02777777777777,18.0,1.88788496653553,33.98192939763954,14,1
175,1340,105.72222222222223,18.0,1.1050808699308012,19.891455658754424,9,1
246,1941,74.33884297520662,18.15,0.3380007315264104,6.134713277204349,15,1
507,3690,61.986301369863014,18.25,1.1466839326414267,20.926981770706035,15,1
63,385,66.0952380952381,18.375,1.7064712322382032,31.356408892376983,8,1
626,4657,225.685546875,18.41726618705036,14.270175051338901,262.81761245631355,9,1
69,423,218.2494481236203,18.489795918367346,3.5134406702733116,64.96280096464531,9,1
311,2325,90.48648648648648,18.5,0.919901781363634,17.01818295522723,9,1
594,4449,147.46188340807174,18.583333333333332,2.0438517869287867,37.98157904042662,11,1
404,2982,78.64285714285714,18.666666666666668,1.2665926332679158,23.643062487667763,8,1
448,3234,71.78571428571429,18.666666666666668,3.8072386043219706,71.06845394734346,9,1
243,1928,95.50446428571429,18.666666666666668,1.29691772267711,24.209130823306054,9,1
363,2602,66.62595419847328,18.714285714285715,0.9480110201813238,17.74134909196477,9,1
112,776,58.093333333333334,18.75,1.2129087498387767,22.74203905947706,14,1
453,3258,62.04123711340206,18.774193548387096,1.0364502589149343,19.458517764144894,16,1
200,1515,59.861702127659576,18.8,1.5290881503086902,28.746857225803375,11,1
541,3958,108.32275132275132,18.9,2.2948691111210384,43.373026200187624,15,1
503,3660,95.05827141181072,18.94074074074074,2.3495644822219783,44.502491711419246,15,1
222,1722,106.1538764266037,18.96268656716418,1.883157174024432,35.709719247731954,8,1
369,2676,199.05263157894737,19.0,2.854997587581029,54.244954164039555,9,1
430,3116,107.0701754385965,19.0,2.308181360294589,43.85544584559719,9,1
421,3079,107.94976076555024,19.0,0.943850817751017,17.93316553726932,8,1
81,533,57.86842105263158,19.0,1.3577825161586632,25.7978678070146,17,1
506,3683,109.0,19.0,2.491190478798057,47.33261909716309,9,1
334,2464,121.43137254901961,19.125,2.7065821234056715,51.76338311013347,8,1
188,1451,97.19521791767555,19.209302325581394,0.9074084724626054,17.430683680328187,8,1
333,2453,124.70070921985815,19.262295081967213,1.8013320551304943,34.697789586530014,16,1
519,3787,130.39403453689167,19.303030303030305,3.2916099515917114,63.538046641330915,8,1
283,2086,85.56896551724138,19.333333333333332,1.0088563192976834,19.50455550642188,14,1
184,1394,197.39655172413794,19.333333333333332,0.8950916828039949,17.3051058675439,9,1
126,916,85.75586854460094,19.363636363636363,1.2243891407581975,23.708626089226915,8,1
30,185,103.70103092783505,19.4,1.0394525695595034,20.165379849454364,9,1
608,4549,190.6985294117647,19.428571428571427,6.445420797040476,125.22531834250067,9,1
617,4616,70.27350427350427,19.5,2.7844538538960344,54.296850150972666,21,1
160,1197,49.651162790697676,19.545454545454547,0.7756663366712482,15.160751125847122,14,1
522,3813,123.83239171374764,19.666666666666668,1.9253478070000656,37.86517353766796,9,1
471,3438,89.0304054054054,19.733333333333334,2.2367852771476735,44.13922946904743,8,1
136,990,62.61648745519713,19.928571428571427,0.8261075307520975,16.463142934273943,8,1
201,1519,67.90453230472517,19.942307692307693,1.1550479559019025,23.034321735966785,16,1
49,294,108.11428571428571,20.0,2.674459411818279,53.489188236365585,9,1
196,1473,56.05,20.0,0.480082926840833,9.60165853681666,8,1
176,1341,35.15,20.0,1.9671835196201493,39.343670392402984,18,1
182,1380,92.1,20.0,0.41843401362626814,8.368680272525364,9,1
14,65,64.65610859728507,20.09090909090909,0.7065403900922237,14.195038746398312,8,1
482,3505,55.005847953216374,20.11764705882353,0.5694528972727475,11.456052403957628,11,1
11,56,187.53703703703704,20.25,1.5475621744504315,31.338134032621237,9,1
147,1073,65.89344262295081,20.333333333333332,1.228877904516385,24.987184058499825,9,1
494,3612,94.25153374233129,20.375,2.230649635967311,45.449486332833956,17,1
611,4570,102.12830188679246,20.384615384615383,1.580777014471844,32.22353144884913,9,1
517,3779,88.388671875,20.48,1.1788784083752015,24.14342980352413,15,1
180,1360,73.38378378378378,20.555555555555557,1.577058000664369,32.41730334698981,16,1
44,254,119.17813765182186,20.583333333333332,2.0350987495358845,41.88911592794696,8,1
198,1510,98.56451612903226,20.666666666666668,1.239687458875166,25.6202074834201,9,1
93,631,153.17665396605472,20.769784172661872,2.8126400564617193,58.41792692809341,8,1
285,2096,207.88747346072188,20.779411764705884,56.95293271549002,1183.448440102756,9,1
80,506,87.82723833543506,20.86842105263158,1.3429132728900044,28.024479615836142,9,1
499,3629,197.33592880978864,20.906976744186046,1.4666268082415077,30.662732572305007,8,1
99,669,213.39447806354008,20.984126984126984,13.960602834806807,292.95106266054916,9,1
520,3793,47.86666666666667,21.0,1.4202008507117083,29.824217864945876,16,1
469,3434,207.40190476190477,21.0,7.655769979491061,160.7711695693123,10,1
299,2182,76.80952380952381,21.0,1.469498495551384,30.85946840657906,10,1
592,4431,58.55449770190414,21.00689655172414,0.8511080672713183,17.87913912350645,16,1
478,3488,96.91770573566085,21.105263157894736,2.522193271220818,53.231552724186734,12,1
291,2147,82.32118107863815,21.14012738853503,2.2591871826683856,47.75950483615524,8,1
238,1887,83.66216216216216,21.142857142857142,1.1232377547658856,23.748455386478724,9,1
255,1988,63.83464566929134,21.166666666666668,1.0820937297114503,22.904317278892364,15,1
521,3808,75.10588235294118,21.25,1.0935509016329266,23.237956659699687,9,1
554,4068,69.03094531581178,21.25225225225225,1.793483733561154,38.11556871595281,8,1
223,1753,69.9508547008547,21.272727272727273,1.2116743581771379,25.775618164859115,14,1
192,1463,185.00233255581472,21.28368794326241,16.79445452150743,357.4479292130766,9,1
113,802,70.03125,21.333333333333332,1.4216303561732209,30.328114265028713,8,1
71,432,200.27812113720643,21.43046357615894,6.268187719957111,134.33016862106763,9,1
442,3204,111.71564117308799,21.469135802469136,1.352511988671226,29.03726355925015,16,1
366,2636,171.9863387978142,21.529411764705884,1.7057765416977646,36.72436554478717,8,1
15,66,58.16129032258065,21.7,1.5300358031292087,33.20177692790383,9,1
371,2689,72.27631578947368,21.714285714285715,1.0434453380372375,22.657670197380014,15,1
165,1229,291.016697104096,21.77840909090909,10.485636475257083,228.36048073670682,9,1
27,162,50.045685279187815,21.88888888888889,1.7544242578113411,38.4023976432038,16,1
437,3148,55.55909090909091,22.0,1.3087183488076928,28.791803673769245,11,1
309,2304,95.47727272727273,22.0,1.818772063915315,40.012985406136934,10,1
327,2419,25.272727272727273,22.0,0.8880481284707922,19.537058826357427,18,1
12,58,58.22727272727273,22.0,2.3406927750981823,51.495241052160004,8,1
399,2931,95.03559870550161,22.071428571428573,1.2841274750481682,28.34252784213457,8,1
571,4229,213.46415094339622,22.083333333333332,1.9003397137740032,41.96583534584257,12,1
649,4868,67.03167420814479,22.1,0.8403078164067168,18.57080274258844,16,1
256,1994,59.6005291005291,22.235294117647058,0.43066631838951847,9.575992255955175,8,1
458,3311,68.42537313432835,22.333333333333332,1.4293162254693985,31.921395702149898,8,1
645,4814,82.88746160290421,22.38125,0.8347941046798194,18.68373555536521,8,1
268,2025,79.45634266886326,22.48148148148148,1.3088348457276677,29.424546346544233,16,1
559,4127,79.69733403031887,22.50588235294118,2.2490092901446004,50.615938494666125,8,1
144,1063,79.46305418719211,22.555555555555557,1.810922491449942,40.84636286270425,16,1
157,1169,93.76419213973799,22.9,1.902619164031626,43.569978856324234,9,1
321,2390,107.68115942028986,23.0,1.1659035765090349,26.815782259707802,16,1
41,234,91.27329192546584,23.0,1.1466660945887002,26.373320175540105,8,1
618,4617,83.3391304347826,23.0,0.9601482375747078,22.08340946421828,12,1
135,981,64.79710144927536,23.0,2.3416279169548075,53.85744208996058,14,1
344,2518,95.45180296959698,23.059782608695652,2.4485703333498012,56.463499589147865,16,1
319,2383,218.54364669421489,23.18562874251497,3.078788400928307,71.38364484068505,9,1
74,473,162.00682834942313,23.207650273224044,2.1963132774419605,50.97127043331151,8,1
298,2172,49.17076923076923,23.214285714285715,0.8835171641338149,20.510219881677845,17,1
236,1877,68.25714285714285,23.333333333333332,0.7459626536794381,17.405795252520225,16,1
424,3093,51.79816513761468,23.476923076923075,1.036787247545175,24.340574457752876,8,1
650,4869,110.73277753400615,23.49484536082474,0.7707724635729347,18.109179840028023,16,1
465,3406,81.94052592774638,23.520231213872833,0.5894543492657719,13.864102584753907,15,1
567,4203,214.11853720050442,23.554455445544555,9.654452810798393,227.40537858306314,9,1
87,593,51.32783018867924,23.555555555555557,0.929867535232318,21.90354638547238,12,1
152,1123,85.64026845637584,23.650793650793652,0.9934169331392303,23.495098894880208,16,1
613,4590,80.56338028169014,23.666666666666668,1.3593265559552967,32.17072849094202,11,1
351,2560,207.19891156462586,23.70967741935484,10.340576423670974,245.1717313354247,9,1
569,4220,89.78535534816942,23.88,4.799537155643876,114.61294727677577,9,1
162,1203,96.59285354806241,23.93975903614458,3.781774808085403,90.53477763452646,16,1
643,4786,52.91974723538704,23.977272727272727,1.180069315935849,28.294843825280015,8,1
514,3752,92.75,24.0,0.8034652983208301,19.28316715969992,10,1
324,2410,36.779761904761905,24.0,0.8987558583929149,21.57014060142996,8,1
647,4837,52.677083333333336,24.0,0.9486485450621505,22.76756508149161,17,1
70,427,67.43001771703366,24.091463414634145,0.7915626860951063,19.069903492449786,15,1
272,2032,78.47510373443983,24.1,2.312457811321704,55.73023325285307,9,1
1,1,92.6295988934993,24.1,1.4524831821237303,35.0048446891819,16,1
538,3934,150.54378754347138,24.14503816793893,3.5214010286243003,85.02436224075315,20,1
578,4286,46.10344827586207,24.166666666666668,2.0136610678603506,48.663475806625144,15,1
101,681,116.60839598997494,24.181818181818183,1.9965945814401203,48.281287151188366,8,1
372,2699,64.21541057367828,24.19047619047619,2.060015706965959,49.832760911367004,16,1
460,3337,201.46844207723035,24.225806451612904,6.08578228162732,147.4329836613586,9,1
530,3866,60.97520184544406,24.251748251748253,0.8477497749262893,20.559414121988613,8,1
156,1159,81.45882352941176,24.285714285714285,1.2123850022760922,29.443635769562242,9,1
257,1998,132.86272855133615,24.34931506849315,1.7168105540421275,41.80316109328605,8,1
23,124,78.40671641791045,24.363636363636363,1.4814961018335389,36.094632299217125,16,1
524,3844,207.8344870988043,24.446153846153845,6.850734340893012,167.47410565659993,9,1
274,2040,59.38265306122449,24.5,0.9585307467276154,23.48400329482658,9,1
438,3149,65.09954751131222,24.555555555555557,1.0829318310581248,26.59199274042729,17,1
117,831,206.68631029986963,24.741935483870968,19.745475095594692,488.54127091358475,9,1
237,1886,56.83184466019417,24.759615384615383,0.42264161251338045,10.464443771364948,8,1
638,4743,92.94524495677233,24.785714285714285,39.61106032979355,981.7884238884544,9,1
454,3279,133.84535297105128,24.924050632911392,28.661811545839704,714.3684421994731,9,1
377,2734,94.13753581661891,24.928571428571427,1.337681296162161,33.34648374004244,19,1
360,2585,124.21333333333334,25.0,1.7028254328016053,42.57063582004013,9,1
627,4660,128.64,25.0,0.6680523362626966,16.701308406567414,9,1
572,4232,70.44526627218934,25.037037037037038,1.3969657248934089,34.97588259362757,8,1
480,3495,77.38526477359939,25.057692307692307,1.1111671572365351,27.843284728446253,8,1
551,4046,228.33340822287127,25.146892655367232,7.089339034313127,178.274847693377,9,1
189,1452,72.36272693590219,25.22429906542056,2.6576843983051606,67.03822608435166,8,1
229,1793,93.25925925925925,25.3125,1.0223436579426273,25.878073841672755,9,1
601,4488,69.75,25.333333333333332,0.9793242857400258,24.809548572080654,16,1
21,119,99.23684210526316,25.333333333333332,1.2252211553878483,31.038935936492155,8,1
574,4256,67.93200663349917,25.427710843373493,1.4812655333264744,37.665191663681014,15,1
318,2367,105.28214285714286,25.454545454545453,1.545522866560857,39.34058205791272,16,1
122,864,83.52941176470588,25.5,2.505882501217285,63.90000378104077,9,1
535,3908,78.73434585664802,25.53061224489796,1.5972681771002124,40.77923448066052,16,1
287,2101,91.6038961038961,25.666666666666668,0.965088210863902,24.770597412173483,16,1
401,2960,88.85195776506819,25.683615819209038,16.75663532908785,430.3709842148778,16,1
185,1416,58.30555555555556,25.714285714285715,1.2951935375118553,33.30497667887628,9,1
615,4597,40.36407766990291,25.75,1.7974721147572914,46.28490695500025,15,1
43,251,112.44651162790697,25.8,1.7792091968524297,45.90359727879269,9,1
280,2069,111.5,26.0,1.4828803975912686,38.55489033737298,10,1
28,165,87.55128205128206,26.0,0.4287913719774025,11.148575671412466,16,1
263,2015,54.384714469729495,26.022346368715084,1.7526023855331931,45.606826322981085,9,1
409,3016,76.62279446828803,26.2125,14.478870355790026,379.52738920114604,8,1
213,1641,79.84424666242847,26.216666666666665,1.1898276689561418,31.193315387800183,8,1
61,376,110.14978354978355,26.25,2.733761265973796,71.76123323181216,10,1
234,1866,113.13924050632912,26.333333333333332,0.7315122682925804,19.263156398371283,17,1
412,3027,96.65402843601896,26.375,3.4397739648659975,90.72403832334068,16,1
342,2512,185.39166457444136,26.37748344370861,9.434867812333856,248.86806951341555,9,1
288,2109,87.13564668769716,26.416666666666668,41.5708618281819,1098.1635999611385,8,1
651,4874,144.42107831178336,26.44516129032258,27.471380515037946,726.4850885880035,9,1
211,1596,47.97674418604651,26.46153846153846,0.4564715220748489,12.078938737980618,9,1
463,3360,67.54399285395266,26.497041420118343,1.129291194794744,29.92287556385126,16,1
253,1977,92.77009593119418,26.517543859649123,4.339909705986251,115.08374597540735,16,1
50,301,84.50983606557377,26.52173913043478,1.136511148731911,30.142252205498508,16,1
537,3926,93.69172932330827,26.6,3.153430364009272,83.88124768264663,16,1
148,1095,81.56836461126005,26.642857142857142,0.4229477314416284,11.268535987694815,9,1
252,1974,90.99148211243612,26.681818181818183,1.576644416228621,42.067739651190934,8,1
637,4739,85.23932050961778,26.686666666666667,0.8525111992078379,22.750682202859835,16,1
232,1847,253.34518307856382,26.79047619047619,8.645360474627863,231.61332395360168,9,1
379,2753,55.629629629629626,27.0,0.4500400181748254,12.151080490720286,9,1
376,2733,94.33333333333333,27.0,2.308741926118305,62.336032005194234,18,1
42,250,88.46296296296296,27.0,1.7456216930066626,47.13178571117989,11,1
461,3346,84.60934744268077,27.0,1.0183347398696456,27.49503797648043,9,1
66,402,53.085769980506825,27.0,0.6418621196048141,17.33027722932998,16,1
496,3618,42.473520939508084,27.023952095808383,1.06779048932351,28.85591903183833,15,1
488,3546,60.714687280393534,27.104761904761904,1.0729518733997854,29.08210506376942,16,1
130,954,53.26470588235294,27.2,0.7453997824601506,20.274874082916096,18,1
260,2006,81.4613016710642,27.397590361445783,1.3663143198622671,37.433720040563806,15,1
596,4455,61.53776435045317,27.583333333333332,0.65122284982533,17.96289694101535,16,1
40,225,55.896913985554825,27.69090909090909,1.6845504453731952,46.646733241879566,16,1
177,1354,88.272,27.77777777777778,1.941169968352186,53.92138800978294,10,1
73,463,43.74179894179894,27.794117647058822,0.8664346085193831,24.08178544267109,11,1
216,1672,73.93525179856115,27.8,0.55156252954348,15.333438321308742,8,1
56,344,46.004149377593365,27.807692307692307,0.7927331423501698,22.044079304583565,8,1
485,3530,64.94669756662805,27.838709677419356,1.7309596873913535,48.18768420060446,16,1
382,2786,175.21095627102355,27.93288590604027,2.6760751888262733,74.75050292546946,8,1
413,3028,58.779556014455345,28.07246376811594,1.7443966621826976,48.969512096346165,16,1
217,1694,58.12939043734421,28.10828025477707,0.5667720836938446,15.930988569050548,16,1
226,1781,241.60355029585799,28.166666666666668,8.704721401541569,245.18298614342086,10,1
22,121,74.17206097306327,28.17058823529412,1.0846805583295775,30.55608937553145,15,1
354,2570,72.20357142857142,28.217054263565892,1.7715639330503974,49.98831563025927,8,1
307,2259,154.0504863362668,28.22222222222222,3.0148523960492555,85.0858342885012,9,1
394,2901,61.37313432835821,28.346153846153847,1.2371921523295006,35.06963908718623,10,1
609,4551,167.52980877390326,28.493589743589745,4.679786710621158,133.34392261994262,9,1
502,3647,125.24475524475524,28.6,1.8001338964249622,51.48382943775392,10,1
173,1333,81.09677419354838,28.615384615384617,1.823715612075493,52.186323668621796,11,1
493,3606,121.15652173913044,28.75,1.0164846693785372,29.223934244632943,10,1
587,4408,62.964607329842934,28.765060240963855,1.3998547012242293,40.26690480931141,15,1
207,1585,91.17928707023835,28.908536585365855,0.7014982987210843,20.27928923315037,16,1
67,414,79.06975333602911,28.923976608187136,1.44064170309771,41.66908692117703,16,1
261,2009,69.02527075812274,29.157894736842106,2.7663813257124494,80.66185549708932,16,1
364,2619,72.91447925486875,29.160493827160494,1.095032980877716,31.93170247942179,15,1
606,4538,97.16239316239316,29.25,1.6401360969281464,47.97398083514828,10,1
432,3123,78.25452352231605,29.258823529411764,2.0080701616631513,58.7537704947795,15,1
174,1335,111.27289048473968,29.31578947368421,1.7847809884669465,52.32226371453101,16,1
355,2573,95.81311751103637,29.364197530864196,1.1370769292286944,33.38935155765987,8,1
547,3993,77.24304860972194,29.405882352941177,3.8830493088744715,114.18449114743225,16,1
630,4680,94.92067988668555,29.416666666666668,2.242207675704268,65.95827579363389,9,1
375,2732,48.598547939355115,29.452830188679247,1.3533095056282431,39.8587950619941,16,1
235,1873,68.20324005891017,29.52173913043478,1.5090599621965102,44.55007453614915,10,1
181,1376,260.2259691144028,29.654205607476637,15.84072890272572,469.74423185372626,9,1
57,352,69.64064316156528,29.666666666666668,0.7146208453932436,21.20041841333289,8,1
259,2003,52.98990898298378,29.729411764705883,1.34060935812851,39.85552762342053,16,1
558,4117,97.05029870880709,29.82183908045977,2.5016128185212407,74.60269491555584,8,1
225,1771,85.07913139492086,29.857142857142858,5.677964490902218,169.52779694265192,16,1
89,601,90.40633245382585,29.92105263157895,1.2110533779278851,36.23599186063172,8,1
68,418,62.54816112084063,30.05263157894737,1.4627689144767466,43.960055271906434,16,1
498,3625,140.24283559577677,30.136363636363637,2.1042200255333334,63.41353986039091,10,1
97,655,62.79682179341657,30.171232876712327,0.6117787741092678,18.458119862680306,8,1
221,1719,71.52296535052378,30.26829268292683,1.0234982414935712,30.979544333988336,8,1
266,2021,93.3580466587584,30.2874251497006,2.0229155785960455,61.26890417089101,8,1
100,678,60.140940982253404,30.2875,0.8359240023503208,25.318048221185343,8,1
33,191,77.61319340329835,30.318181818181817,3.208222437393169,97.26747117005652,9,1
120,862,99.61538461538461,30.333333333333332,2.2891521877098144,69.43761636053104,9,1
444,3216,97.02123287671233,30.416666666666668,2.6628637385618243,80.99543871458883,16,1
231,1800,90.62841530054645,30.5,1.9317431228980195,58.91816524838959,9,1
141,1029,127.08092273892348,30.51396648044693,5.261867562231317,160.5604504184774,9,1
349,2543,49.16949854952342,30.544303797468356,1.059059508230148,32.348235358979075,15,1
330,2439,80.6304347826087,30.666666666666668,2.332068077796967,71.51675438577365,11,1
82,538,80.01000909918108,30.813084112149532,2.2691956861297755,69.92091754364364,16,1
62,379,56.164963814389104,30.907894736842106,1.7448117834095107,53.928458937222906,8,1
385,2812,95.38734476641041,30.932926829268293,1.0134111435782467,31.347772752271005,16,1
205,1553,110.86847639074746,30.952662721893493,3.4668294447276296,107.30760251698361,16,1
433,3124,142.0,31.0,2.159247863870495,66.93668377998534,16,1
523,3820,92.41935483870968,31.0,1.832101106346993,56.79513429675678,10,1
59,364,60.92091388400703,31.036363636363635,1.1871693753237171,36.84542043050155,8,1
483,3514,109.9574641018694,31.279661016949152,3.355531157301403,104.95987713219897,8,1
301,2216,80.80910240202276,31.38888888888889,0.9923114140839979,31.147552719858822,16,1
323,2405,75.31050955414013,31.4,1.9859241626459538,62.358018707082955,16,1
350,2551,77.92376061623543,31.4472049689441,2.8056801140879353,88.23079762501376,10,1
31,186,61.437285223367695,31.45945945945946,1.2622431239005951,39.70948638433224,10,1
85,567,54.703960396039605,31.5625,1.0328231746379237,32.59848144950947,9,1
310,2312,95.19408983451537,31.567164179104477,1.6370296843341217,51.676384811442794,9,1
86,580,52.46792557622882,31.587719298245613,0.9952426457208079,31.437445326672183,9,1
518,3780,94.8231994615212,31.609929078014183,2.0653027796822876,65.28407439038267,8,1
48,291,165.37045309508616,31.656565656565657,6.042525394832312,191.2856018929744,8,1
527,3857,63.52172298551801,31.869822485207102,1.4085141342109722,44.88909542520885,16,1
140,1008,68.6637630662021,31.88888888888889,0.8583991753148155,27.373395923928005,16,1
497,3622,76.95148842337376,32.01176470588236,3.4430178987259925,110.21707885215794,16,1
581,4327,125.08167539267016,32.04697986577181,2.3655814267976196,75.80974035542708,8,1
545,3989,71.18745945945946,32.34265734265734,0.96062563801015,31.069185844733873,16,1
477,3479,117.92307692307692,32.5,1.2813654905558343,41.64437844306461,9,1
386,2822,87.53083617101778,32.629629629629626,2.1064483196423014,68.73262850388399,16,1
317,2366,92.55572096980009,32.88111888111888,0.9533405118553548,31.346902704502646,16,1
563,4159,43.15151515151515,33.0,0.9220580812676831,30.42791668183354,19,1
111,755,93.18265086206897,33.142857142857146,2.0911121720108543,69.30543198664546,8,1
314,2338,147.50846774193548,33.513513513513516,6.999363526037681,234.5732641158574,9,1
153,1139,96.02802893309223,33.515151515151516,1.4873571994219685,49.849001895778706,8,1
2,12,73.34524686809138,33.714285714285715,4.045613108956511,136.3949562448195,14,1
339,2484,70.50990866793038,33.73837209302326,1.8928831557632633,63.862796237757074,16,1
121,863,69.64647887323943,33.80952380952381,1.121556846574805,37.919302908005314,10,1
636,4732,78.74129089301503,33.862275449101794,0.9027681380272455,30.56978335655134,16,1
215,1660,58.889415194024416,33.882716049382715,0.45861270609856525,15.539044097376696,16,1
495,3613,82.17591185410335,34.18181818181818,3.6089818058688667,123.36155990969945,16,1
247,1946,162.72134831460673,34.23076923076923,1.10408316312939,37.793615968659886,9,1
17,81,62.427083333333336,34.285714285714285,1.0115793137738434,34.68271932938892,16,1
316,2355,89.27631578947368,34.35616438356164,1.9174839433313011,65.87739355993018,9,1
436,3133,69.22677036430618,34.40845070422535,0.5236110584108894,18.016645291518348,16,1
24,129,109.8225806451613,34.44444444444444,2.0897521570140576,71.98035207492865,9,1
95,636,98.74787052810903,34.529411764705884,1.96429381119282,67.82590983354032,16,1
279,2066,90.06356762811538,34.66990291262136,2.749704020926459,95.33197144396492,16,1
531,3884,77.59495123350545,34.86,1.8511571491246679,64.53133821848591,16,1
388,2840,128.81124031007752,34.86486486486486,1.6278411905930255,56.75446313148657,8,1
79,503,121.93489583333333,34.90909090909091,1.606453611434472,56.07983516280339,18,1
315,2339,87.68860465116279,34.959349593495936,1.8767455747347406,65.60980464519825,16,1
408,3014,63.853896103896105,35.2,1.3218436084073153,46.52889501593749,8,1
109,748,37.50281214848144,35.56,0.8712876886153369,30.98299020716138,16,1
83,541,84.94551645856981,36.06432748538012,2.279813267226782,82.21993227478107,16,1
325,2411,144.01592797783934,36.55696202531646,7.344021636619891,268.4751200830158,9,1
248,1953,62.46923917000364,36.626666666666665,0.671821516762159,24.606582753942007,16,1
77,483,66.69485791610285,36.64462809917355,1.9290590083895642,70.6896499437961,16,1
573,4249,90.4296577946768,36.984375,2.3643563584614076,87.44424219497112,16,1
300,2202,77.44921801394385,37.11188811188811,1.5320436761376348,56.85703349134565,8,1
123,871,69.49226932668329,37.129629629629626,0.8274776953985232,30.723940356926647,16,1
249,1961,81.86647454370798,37.17857142857143,0.9453493039386999,35.14673662143524,16,1
397,2910,69.49747315224258,37.247058823529414,0.9921968381820803,36.956413996287836,8,1
623,4645,71.57769145394006,37.282758620689656,0.8419872836406963,31.39160865766624,8,1
297,2170,117.46268656716418,37.44117647058823,2.8178887179646837,105.50506876379536,8,1
579,4310,134.58967457793003,37.842592592592595,3.717394881312184,140.67585999928608,9,1
516,3769,72.05191036595195,38.05521472392638,1.5008553059899488,57.11537093899173,16,1
206,1576,104.40214030915577,38.57798165137615,2.5765590147552744,99.39844639491677,8,1
29,170,83.26943005181347,38.6,1.5614530190794016,60.272086536464904,9,1
64,393,101.1592505854801,38.81818181818182,1.6745027255884544,65.00115125693364,9,1
425,3097,84.63786764705883,38.857142857142854,1.0911472553739991,42.398864780246825,16,1
365,2635,87.24696645253391,38.916666666666664,1.649907874097999,64.20891476698047,9,1
347,2529,61.57559681697613,39.0,0.5643389980882328,22.00922092544108,16,1
403,2975,75.96875,39.111111111111114,1.0146758442278676,39.685099685356604,11,1
20,118,70.15324165029469,39.15384615384615,1.2795076480927345,50.09764560609245,16,1
199,1512,195.38326547802893,39.79329608938548,3.717782592785119,147.94282351066147,9,1
614,4593,82.0605281207133,40.220689655172414,1.164163114429726,46.82344333347698,16,1
428,3106,91.3866451265482,41.266666666666666,2.297997389823664,94.8306922867232,9,1
505,3664,69.29354838709678,41.333333333333336,1.0495662740787464,43.38207266192151,16,1
239,1893,52.35692012473015,42.54081632653061,0.7861499042536157,33.44345868197269,16,1
133,972,78.68142968142968,42.9,1.0270491913500686,44.060410308917945,8,1
411,3022,88.48552754435107,44.625,0.8361550206888945,37.313417798241915,16,1
591,4428,90.47900158478605,45.89090909090909,1.7767116090437658,81.53491093139027,16,1
440,3195,118.11603243917655,47.14705882352941,2.5458735471278087,120.03044988370227,16,1
