order_id,region_id,city,courier_id,lng,lat,aoi_id,aoi_type,accept_time,accept_gps_time,accept_gps_lng,accept_gps_lat,delivery_time,delivery_gps_time,delivery_gps_lng,delivery_gps_lat,ds,distance_km,accept_date
3158819,1,Shanghai,164,121.52128,31.06614,450,1,2023-06-04 11:05:00,2023-06-04 11:05:00,121.52281,31.10598,2023-06-04 17:40:00,2023-06-04 17:40:00,121.52407,31.06614,604,4.418734335547295,2023-06-04
751342,1,Shanghai,164,121.52124,31.06687,450,1,2023-06-04 11:18:00,2023-06-04 11:18:00,121.52286,31.10599,2023-06-04 15:06:00,2023-06-04 15:06:00,121.52412,31.06618,604,4.41540945580693,2023-06-04
3380476,1,Shanghai,164,121.52106,31.06731,450,1,2023-06-03 10:13:00,2023-06-03 10:13:00,121.52285,31.10591,2023-06-03 15:11:00,2023-06-03 15:11:00,121.52059,31.06672,603,4.3503804536167205,2023-06-03
2184571,1,Shanghai,164,121.52128,31.06616,450,1,2023-06-04 10:39:00,2023-06-04 10:39:00,121.52282,31.10593,2023-06-04 15:41:00,2023-06-04 15:41:00,121.5228,31.10542,604,0.05657653520943203,2023-06-04
941371,1,Shanghai,164,121.52123,31.06614,450,1,2023-06-04 11:18:00,2023-06-04 11:18:00,121.52285,31.10593,2023-06-04 14:07:00,2023-06-04 14:07:00,121.5229,31.06758,604,4.251903859947785,2023-06-04
1278638,1,Shanghai,164,121.52127,31.06616,450,1,2023-06-03 10:14:00,2023-06-03 10:14:00,121.52289,31.10596,2023-06-03 19:20:00,2023-06-03 19:20:00,121.52409,31.06616,603,4.414148923286808,2023-06-03
261182,1,Shanghai,164,121.52127,31.06611,450,1,2023-06-03 10:15:00,2023-06-03 10:15:00,121.5228,31.10591,2023-06-03 16:30:00,2023-06-03 16:30:00,121.52402,31.0662,603,4.404223928206079,2023-06-03
3459225,1,Shanghai,420,121.52124,31.06686,450,1,2023-09-07 11:51:00,2023-09-07 11:51:00,121.52295,31.10786,2023-09-07 18:54:00,2023-09-07 18:54:00,121.52128,31.06685,907,4.549609701904848,2023-09-07
705091,1,Shanghai,534,121.52069,31.06727,450,1,2023-10-11 18:01:00,2023-10-11 18:01:00,121.52296,31.10779,2023-10-11 18:46:00,2023-10-11 18:46:00,121.5206,31.06717,1011,4.509204975567556,2023-10-11
2545410,1,Shanghai,540,121.52053,31.06726,450,1,2023-09-12 19:40:00,2023-09-12 19:40:00,121.52285,31.1078,2023-09-12 20:30:00,2023-09-12 20:30:00,121.52056,31.06718,912,4.508876365961623,2023-09-12
3799613,1,Shanghai,2621,121.52209,31.06515,450,1,2023-08-14 17:56:00,2023-08-14 17:56:00,121.52286,31.106,2023-08-14 18:36:00,2023-08-14 18:36:00,121.522,31.06521,814,4.523169946927054,2023-08-14
3074816,1,Shanghai,2923,121.52062,31.06727,450,1,2023-08-06 10:26:00,2023-08-06 10:26:00,121.52278,31.10603,2023-08-06 11:55:00,2023-08-06 11:55:00,121.52054,31.06717,806,4.313743581467163,2023-08-06
4245432,1,Shanghai,4467,121.52113,31.06705,450,1,2023-09-11 09:45:00,2023-09-11 09:45:00,121.52298,31.10788,2023-09-11 15:42:00,2023-09-11 15:42:00,121.52112,31.06712,911,4.522584305266483,2023-09-11
486971,1,Shanghai,4467,121.52129,31.06625,450,1,2023-07-08 10:07:00,2023-07-08 10:07:00,121.52286,31.10601,2023-07-08 18:34:00,2023-07-08 18:34:00,121.52121,31.06622,708,4.414363404000965,2023-07-08
4336265,1,Shanghai,4467,121.52106,31.06741,450,1,2023-07-10 09:59:00,2023-07-10 09:59:00,121.5228,31.10593,2023-07-10 13:56:00,2023-07-10 13:56:00,121.52116,31.06736,710,4.279154945495981,2023-07-10
1229299,1,Shanghai,4467,121.52128,31.06618,450,1,2023-07-19 09:36:00,2023-07-19 09:36:00,121.52272,31.10595,2023-07-19 19:05:00,2023-07-19 19:05:00,121.5212,31.0662,719,4.409505937889685,2023-07-19
125049,1,Shanghai,4467,121.52123,31.06585,450,1,2023-09-02 13:31:00,2023-09-02 13:31:00,121.52288,31.10773,2023-09-02 18:56:00,2023-09-02 18:56:00,121.52131,31.06592,902,4.63793474217449,2023-09-02
195419,1,Shanghai,4467,121.52117,31.06624,450,1,2023-07-15 14:53:00,2023-07-15 14:53:00,121.52283,31.10609,2023-07-15 19:04:00,2023-07-15 19:04:00,121.52129,31.06617,715,4.428406791716585,2023-07-15
691939,1,Shanghai,4467,121.52125,31.06596,450,1,2023-08-13 13:25:00,2023-08-13 13:25:00,121.52278,31.10594,2023-08-13 16:58:00,2023-08-13 16:58:00,121.52132,31.06586,813,4.445890526295701,2023-08-13
1618925,1,Shanghai,4467,121.52136,31.0659,450,1,2023-09-27 14:26:00,2023-09-27 14:26:00,121.52291,31.10777,2023-09-27 19:11:00,2023-09-27 19:11:00,121.53737,31.06146,927,5.316593083514873,2023-09-27
1319796,1,Shanghai,4467,121.52109,31.06717,450,1,2023-09-26 09:27:00,2023-09-26 09:27:00,121.52285,31.10778,2023-09-26 17:26:00,2023-09-26 17:26:00,121.5211,31.06707,926,4.5166447764222255,2023-09-26
1710115,1,Shanghai,4467,121.52111,31.06709,450,1,2023-08-21 10:07:00,2023-08-21 10:07:00,121.52279,31.10606,2023-08-21 13:31:00,2023-08-21 13:31:00,121.52118,31.06719,821,4.31229121870413,2023-08-21
179680,1,Shanghai,4467,121.5212,31.06622,450,1,2023-07-02 10:08:00,2023-07-02 10:08:00,121.52284,31.10607,2023-07-02 19:20:00,2023-07-02 19:20:00,121.52129,31.06613,702,4.430654719766033,2023-07-02
3656919,1,Shanghai,4467,121.52125,31.0659,450,1,2023-08-24 10:31:00,2023-08-24 10:31:00,121.52273,31.10591,2023-08-24 17:20:00,2023-08-24 17:20:00,121.52139,31.06597,824,4.4300310053281935,2023-08-24
489050,1,Shanghai,4467,121.52113,31.0674,450,1,2023-09-18 09:04:00,2023-09-18 09:04:00,121.52288,31.10788,2023-09-18 18:22:00,2023-09-18 18:22:00,121.5211,31.0674,918,4.4912694585359025,2023-09-18
2560349,1,Shanghai,4467,121.52129,31.06617,450,1,2023-07-01 15:41:00,2023-07-01 15:41:00,121.52276,31.10596,2023-07-01 18:26:00,2023-07-01 18:26:00,121.52118,31.06618,701,4.413022140565456,2023-07-01
4063311,1,Shanghai,4467,121.52153,31.06546,450,1,2023-09-21 09:20:00,2023-09-21 09:20:00,121.52296,31.10785,2023-09-21 18:44:00,2023-09-21 18:44:00,121.52148,31.06541,921,4.707481965178877,2023-09-21
2683724,1,Shanghai,4467,121.52121,31.06612,450,1,2023-07-08 09:58:00,2023-07-08 09:58:00,121.52288,31.10601,2023-07-08 18:17:00,2023-07-08 18:17:00,121.52129,31.06625,708,4.41083877144865,2023-07-08
4088793,1,Shanghai,4467,121.5213,31.06593,450,1,2023-08-22 09:52:00,2023-08-22 09:52:00,121.52283,31.10594,2023-08-22 12:18:00,2023-08-22 12:18:00,121.52125,31.0659,822,4.441831773581295,2023-08-22
4267798,1,Shanghai,4467,121.52127,31.06628,450,1,2023-07-03 09:16:00,2023-07-03 09:16:00,121.52283,31.10599,2023-07-03 12:58:00,2023-07-03 12:58:00,121.52126,31.0662,703,4.414097732429427,2023-07-03
1548542,1,Shanghai,4467,121.52128,31.06582,450,1,2023-09-12 09:22:00,2023-09-12 09:22:00,121.52286,31.1078,2023-09-12 16:56:00,2023-09-12 16:56:00,121.52136,31.06596,912,4.641048389709233,2023-09-12
416124,1,Shanghai,4467,121.52155,31.0655,450,1,2023-07-05 09:54:00,2023-07-05 09:54:00,121.52287,31.106,2023-07-05 21:24:00,2023-07-05 21:24:00,121.5215,31.0655,705,4.49217548956397,2023-07-05
1928513,1,Shanghai,4467,121.52104,31.0671,450,1,2023-07-09 13:09:00,2023-07-09 13:09:00,121.52285,31.10598,2023-07-09 18:10:00,2023-07-09 18:10:00,121.52116,31.06714,709,4.309246061797497,2023-07-09
2705867,1,Shanghai,4467,121.52135,31.06586,450,1,2023-07-23 09:57:00,2023-07-23 09:57:00,121.52282,31.10597,2023-07-23 17:29:00,2023-07-23 17:29:00,121.52133,31.06598,723,4.436007922490146,2023-07-23
587175,1,Shanghai,4467,121.52132,31.06591,450,1,2023-08-28 09:59:00,2023-08-28 09:59:00,121.52286,31.10778,2023-08-28 12:46:00,2023-08-28 12:46:00,121.52132,31.06586,828,4.650032859913241,2023-08-28
3659864,1,Shanghai,4467,121.52122,31.06593,450,1,2023-07-02 10:06:00,2023-07-02 10:06:00,121.52285,31.10594,2023-07-02 17:38:00,2023-07-02 17:38:00,121.52139,31.06583,702,4.449215012792233,2023-07-02
564721,1,Shanghai,4467,121.52116,31.0662,450,1,2023-07-18 09:56:00,2023-07-18 09:56:00,121.52281,31.10592,2023-07-18 18:53:00,2023-07-18 18:53:00,121.52121,31.06624,718,4.402007312775054,2023-07-18
1302678,1,Shanghai,4467,121.52113,31.06628,450,1,2023-07-13 10:53:00,2023-07-13 10:53:00,121.52284,31.106,2023-07-13 19:12:00,2023-07-13 19:12:00,121.52115,31.06611,713,4.425580853378397,2023-07-13
3580720,1,Shanghai,4467,121.52105,31.06745,450,1,2023-07-18 09:54:00,2023-07-18 09:54:00,121.52282,31.10606,2023-07-18 17:24:00,2023-07-18 17:24:00,121.52104,31.06735,718,4.295174060523745,2023-07-18
538107,1,Shanghai,4467,121.52139,31.06582,450,1,2023-08-14 10:14:00,2023-08-14 10:14:00,121.52281,31.10602,2023-08-14 18:43:00,2023-08-14 18:43:00,121.52133,31.06584,814,4.45703226686343,2023-08-14
3822236,1,Shanghai,4467,121.52056,31.06571,450,1,2023-08-25 14:20:00,2023-08-25 14:20:00,121.52273,31.10604,2023-08-25 16:21:00,2023-08-25 16:21:00,121.52054,31.06569,825,4.478520302286127,2023-08-25
683913,1,Shanghai,4467,121.52112,31.06612,450,1,2023-07-31 09:06:00,2023-07-31 09:06:00,121.52276,31.10595,2023-07-31 17:44:00,2023-07-31 17:44:00,121.52117,31.06617,731,4.413054834855901,2023-07-31
2703519,1,Shanghai,4467,121.52125,31.0662,450,1,2023-07-15 14:41:00,2023-07-15 14:41:00,121.52289,31.106,2023-07-15 18:42:00,2023-07-15 18:42:00,121.52129,31.06617,715,4.4186279904293,2023-07-15
2290761,1,Shanghai,4467,121.52198,31.06519,450,1,2023-10-06 13:01:00,2023-10-06 13:01:00,121.52285,31.10772,2023-10-06 13:27:00,2023-10-06 13:27:00,121.52193,31.06515,1006,4.720592681051632,2023-10-06
2408460,1,Shanghai,4467,121.52117,31.0669,450,1,2023-07-11 10:35:00,2023-07-11 10:35:00,121.52286,31.10591,2023-07-11 17:28:00,2023-07-11 17:28:00,121.52122,31.06689,711,4.329013738105314,2023-07-11
743039,1,Shanghai,4467,121.52114,31.06696,450,1,2023-09-10 09:46:00,2023-09-10 09:46:00,121.5229,31.10787,2023-09-10 13:44:00,2023-09-10 13:44:00,121.52125,31.06685,910,4.550651312487986,2023-09-10
4442569,1,Shanghai,4467,121.52125,31.06584,450,1,2023-07-18 09:57:00,2023-07-18 09:57:00,121.52271,31.10603,2023-07-18 17:44:00,2023-07-18 17:44:00,121.52128,31.06593,718,4.448018175777994,2023-07-18
2453920,1,Shanghai,4467,121.52122,31.06596,450,1,2023-08-13 13:28:00,2023-08-13 13:28:00,121.52289,31.10601,2023-08-13 17:47:00,2023-08-13 17:47:00,121.52126,31.0659,813,4.449752501418278,2023-08-13
4046453,1,Shanghai,4467,121.52122,31.06594,450,1,2023-07-24 09:31:00,2023-07-24 09:31:00,121.52275,31.10591,2023-07-24 17:46:00,2023-07-24 17:46:00,121.52133,31.06589,724,4.439123404549159,2023-07-24
2867322,1,Shanghai,4467,121.52197,31.06505,450,1,2023-09-27 14:41:00,2023-09-27 14:41:00,121.52291,31.10784,2023-09-27 15:49:00,2023-09-27 15:49:00,121.522,31.06501,927,4.749396626122592,2023-09-27
1447063,1,Shanghai,4467,121.52113,31.06696,450,1,2023-10-04 09:40:00,2023-10-04 09:40:00,121.52293,31.10788,2023-10-04 11:50:00,2023-10-04 11:50:00,121.52124,31.06695,1004,4.540812884873447,2023-10-04
431433,1,Shanghai,4467,121.52122,31.0659,450,1,2023-08-24 10:28:00,2023-08-24 10:28:00,121.52281,31.10591,2023-08-24 17:40:00,2023-08-24 17:40:00,121.52123,31.06594,824,4.434075290255931,2023-08-24
3915667,1,Shanghai,4467,121.52127,31.06695,450,1,2023-10-04 09:40:00,2023-10-04 09:40:00,121.52297,31.10782,2023-10-04 11:56:00,2023-10-04 11:56:00,121.52126,31.06688,1004,4.541989007053548,2023-10-04
990037,1,Shanghai,4467,121.52118,31.06624,450,1,2023-07-25 09:50:00,2023-07-25 09:50:00,121.52282,31.10594,2023-07-25 18:45:00,2023-07-25 18:45:00,121.52122,31.06623,725,4.405331444796103,2023-07-25
3034037,1,Shanghai,4467,121.52119,31.06618,450,1,2023-07-22 09:36:00,2023-07-22 09:36:00,121.5228,31.106,2023-07-22 14:54:00,2023-07-22 14:54:00,121.52127,31.06614,722,4.4217265589786,2023-07-22
3776093,1,Shanghai,4467,121.5215,31.06547,450,1,2023-09-21 09:20:00,2023-09-21 09:20:00,121.52292,31.10789,2023-09-21 17:51:00,2023-09-21 17:51:00,121.52156,31.06549,921,4.702719280117109,2023-09-21
1901478,1,Shanghai,4467,121.52116,31.06618,450,1,2023-07-12 15:15:00,2023-07-12 15:15:00,121.52286,31.10597,2023-07-12 19:35:00,2023-07-12 19:35:00,121.52118,31.06624,712,4.407818556108096,2023-07-12
3058052,1,Shanghai,4467,121.52127,31.06627,450,1,2023-07-29 10:00:00,2023-07-29 10:00:00,121.52284,31.10599,2023-07-29 18:50:00,2023-07-29 18:50:00,121.52114,31.06627,729,4.406780429079613,2023-07-29
1979100,1,Shanghai,4467,121.52129,31.06618,450,1,2023-07-17 09:52:00,2023-07-17 09:52:00,121.52276,31.10605,2023-07-17 14:31:00,2023-07-17 14:31:00,121.52115,31.06628,717,4.412012882889628,2023-07-17
3309455,1,Shanghai,4467,121.52129,31.06686,450,1,2023-08-14 10:09:00,2023-08-14 10:09:00,121.52289,31.10593,2023-08-14 13:06:00,2023-08-14 13:06:00,121.52119,31.06686,814,4.334764126247811,2023-08-14
2718770,1,Shanghai,4467,121.522,31.06516,450,1,2023-10-05 18:05:00,2023-10-05 18:05:00,121.5229,31.1078,2023-10-05 20:15:00,2023-10-05 20:15:00,121.52207,31.06511,1005,4.7337434548529655,2023-10-05
3029455,1,Shanghai,4467,121.5212,31.06612,450,1,2023-07-18 09:57:00,2023-07-18 09:57:00,121.52271,31.10598,2023-07-18 14:13:00,2023-07-18 14:13:00,121.52118,31.06623,718,4.409537444689635,2023-07-18
1967274,1,Shanghai,4467,121.52191,31.06519,450,1,2023-09-06 15:09:00,2023-09-06 15:09:00,121.52296,31.10773,2023-09-06 16:00:00,2023-09-06 16:00:00,121.52204,31.06519,906,4.717267145963028,2023-09-06
2602281,1,Shanghai,4467,121.52129,31.06696,450,1,2023-07-29 10:00:00,2023-07-29 10:00:00,121.52279,31.10593,2023-07-29 18:05:00,2023-07-29 18:05:00,121.5212,31.06686,729,4.334384047834064,2023-07-29
4391159,1,Shanghai,4467,121.52124,31.06592,450,1,2023-08-28 09:59:00,2023-08-28 09:59:00,121.52295,31.10778,2023-08-28 18:12:00,2023-08-28 18:12:00,121.52124,31.06598,828,4.637277450747989,2023-08-28
3240797,1,Shanghai,4467,121.52139,31.06584,450,1,2023-08-15 09:27:00,2023-08-15 09:27:00,121.52286,31.10596,2023-08-15 17:51:00,2023-08-15 17:51:00,121.52134,31.06587,815,4.447181733058014,2023-08-15
1372981,1,Shanghai,4467,121.52196,31.06513,450,1,2023-09-10 14:31:00,2023-09-10 14:31:00,121.52292,31.10775,2023-09-10 15:39:00,2023-09-10 15:39:00,121.52208,31.06516,910,4.722674012664346,2023-09-10
2414154,1,Shanghai,4467,121.52125,31.06625,450,1,2023-07-17 09:55:00,2023-07-17 09:55:00,121.52281,31.10591,2023-07-17 15:31:00,2023-07-17 15:31:00,121.52112,31.0662,717,4.4056373959873865,2023-07-17
3089713,1,Shanghai,4467,121.52154,31.06552,450,1,2023-07-10 09:56:00,2023-07-10 09:56:00,121.52275,31.10602,2023-07-10 13:20:00,2023-07-10 13:20:00,121.52149,31.06556,710,4.487449083176969,2023-07-10
3886706,1,Shanghai,4467,121.52122,31.06697,450,1,2023-08-31 10:05:00,2023-08-31 10:05:00,121.5229,31.10779,2023-08-31 13:34:00,2023-08-31 13:34:00,121.52118,31.0669,831,4.536483457001491,2023-08-31
312606,1,Shanghai,4467,121.52122,31.06592,450,1,2023-07-04 09:47:00,2023-07-04 09:47:00,121.52277,31.10605,2023-07-04 17:32:00,2023-07-04 17:32:00,121.52131,31.0659,704,4.4536477361933375,2023-07-04
107381,1,Shanghai,4467,121.5213,31.06593,450,1,2023-07-24 09:31:00,2023-07-24 09:31:00,121.52277,31.10599,2023-07-24 14:23:00,2023-07-24 14:23:00,121.52135,31.06588,724,4.449097173175268,2023-07-24
2789510,1,Shanghai,4467,121.52137,31.06598,450,1,2023-09-17 10:43:00,2023-09-17 10:43:00,121.52299,31.1078,2023-09-17 19:22:00,2023-09-17 19:22:00,121.52135,31.06593,917,4.644803788484274,2023-09-17
2456193,1,Shanghai,4467,121.52112,31.0662,450,1,2023-07-03 09:29:00,2023-07-03 09:29:00,121.52272,31.10594,2023-07-03 17:23:00,2023-07-03 17:23:00,121.52129,31.06612,703,4.416989056434343,2023-07-03
546900,1,Shanghai,4467,121.52129,31.0662,450,1,2023-07-16 14:45:00,2023-07-16 14:45:00,121.52279,31.10609,2023-07-16 17:52:00,2023-07-16 17:52:00,121.52118,31.06616,716,4.429741495388069,2023-07-16
1041845,1,Shanghai,4467,121.52148,31.06556,450,1,2023-07-22 09:39:00,2023-07-22 09:39:00,121.52274,31.10603,2023-07-22 13:22:00,2023-07-22 13:22:00,121.5215,31.06549,722,4.496264937260373,2023-07-22
534128,1,Shanghai,4467,121.52129,31.06681,450,1,2023-09-01 12:42:00,2023-09-01 12:42:00,121.52289,31.10785,2023-09-01 17:44:00,2023-09-01 17:44:00,121.52117,31.06685,901,4.548671304458899,2023-09-01
387406,1,Shanghai,4467,121.52115,31.06683,450,1,2023-07-05 09:55:00,2023-07-05 09:55:00,121.52277,31.10609,2023-07-05 21:16:00,2023-07-05 21:16:00,121.52111,31.06689,705,4.3490266668189195,2023-07-05
1402418,1,Shanghai,4467,121.52118,31.06629,450,1,2023-07-02 10:06:00,2023-07-02 10:06:00,121.52283,31.10604,2023-07-02 12:49:00,2023-07-02 12:49:00,121.5212,31.06611,702,4.429808056636066,2023-07-02
579881,1,Shanghai,4467,121.52117,31.06713,450,1,2023-07-17 09:53:00,2023-07-17 09:53:00,121.52274,31.10602,2023-07-17 15:12:00,2023-07-17 15:12:00,121.52104,31.0671,717,4.318145276690157,2023-07-17
1090783,1,Shanghai,4467,121.52201,31.06529,450,1,2023-09-30 17:13:00,2023-09-30 17:13:00,121.52294,31.10774,2023-09-30 18:33:00,2023-09-30 18:33:00,121.52199,31.06513,930,4.725080801822549,2023-09-30
4085401,1,Shanghai,4467,121.52218,31.06522,450,1,2023-09-05 14:30:00,2023-09-05 14:30:00,121.5229,31.10772,2023-09-05 16:30:00,2023-09-05 16:30:00,121.52212,31.06523,905,4.711494617767242,2023-09-05
3329417,1,Shanghai,4467,121.52114,31.06616,450,1,2023-08-07 09:30:00,2023-08-07 09:30:00,121.52276,31.10605,2023-08-07 11:23:00,2023-08-07 11:23:00,121.522,31.06594,807,4.447624780514578,2023-08-07
269172,1,Shanghai,4467,121.52124,31.06587,450,1,2023-09-05 14:04:00,2023-09-05 14:04:00,121.52292,31.10773,2023-09-05 17:32:00,2023-09-05 17:32:00,121.52135,31.06581,905,4.65012416375415,2023-09-05
177943,1,Shanghai,4467,121.52117,31.06614,450,1,2023-07-10 09:56:00,2023-07-10 09:56:00,121.52281,31.10604,2023-07-10 14:23:00,2023-07-10 14:23:00,121.5212,31.06623,710,4.416445015391049,2023-07-10
2232198,1,Shanghai,4467,121.522,31.06518,450,1,2023-09-22 07:30:00,2023-09-22 07:30:00,121.52289,31.10786,2023-09-22 10:13:00,2023-09-22 10:13:00,121.52201,31.06509,922,4.742693974556989,2023-09-22
2922410,1,Shanghai,4467,121.52128,31.06591,450,1,2023-08-14 10:12:00,2023-08-14 10:12:00,121.52275,31.10597,2023-08-14 18:33:00,2023-08-14 18:33:00,121.52131,31.06587,814,4.448047510074481,2023-08-14
4454701,1,Shanghai,4467,121.52122,31.0659,450,1,2023-08-12 13:27:00,2023-08-12 13:27:00,121.52278,31.10605,2023-08-12 18:04:00,2023-08-12 18:04:00,121.52125,31.06599,812,4.44388868704441,2023-08-12
3597065,1,Shanghai,4467,121.52126,31.0662,450,1,2023-07-13 10:56:00,2023-07-13 10:56:00,121.52281,31.10591,2023-07-13 18:24:00,2023-07-13 18:24:00,121.5212,31.06617,713,4.40868869445182,2023-07-13
3668930,1,Shanghai,4467,121.52196,31.0651,450,1,2023-09-24 14:03:00,2023-09-24 14:03:00,121.52298,31.10771,2023-09-24 15:30:00,2023-09-24 15:30:00,121.52193,31.0651,924,4.725273463128268,2023-09-24
467201,1,Shanghai,4467,121.52121,31.06585,450,1,2023-09-27 14:26:00,2023-09-27 14:26:00,121.52293,31.10774,2023-09-27 16:12:00,2023-09-27 16:12:00,121.52122,31.06596,927,4.635061385485409,2023-09-27
874160,1,Shanghai,74,121.53092,31.09535,525,14,2023-08-01 11:09:00,2023-08-01 11:09:00,121.52271,31.10607,2023-08-01 16:09:00,2023-08-01 16:09:00,121.53122,31.11288,801,1.1086540283697377,2023-08-01
1255781,1,Shanghai,74,121.53103,31.09542,525,14,2023-06-10 18:02:00,2023-06-10 18:02:00,121.52287,31.10609,2023-06-10 19:06:00,2023-06-10 19:06:00,121.53112,31.11288,610,1.0890890848984236,2023-06-10
2599746,1,Shanghai,246,121.53096,31.09569,525,14,2023-07-20 15:07:00,2023-07-20 15:07:00,121.52274,31.10599,2023-07-20 15:19:00,2023-07-20 15:19:00,121.53103,31.09565,720,1.3927557021374728,2023-07-20
3204745,1,Shanghai,246,121.53125,31.09554,525,14,2023-10-06 17:07:00,2023-10-06 17:07:00,121.52287,31.10787,2023-10-06 17:18:00,2023-10-06 17:18:00,121.53114,31.09552,1006,1.5803044956994134,2023-10-06
1499078,1,Shanghai,246,121.531,31.09545,525,14,2023-09-02 09:34:00,2023-09-02 09:34:00,121.52287,31.10777,2023-09-02 11:37:00,2023-09-02 11:37:00,121.5284,31.06461,902,4.814194857066986,2023-09-02
3238727,1,Shanghai,2621,121.53105,31.09531,525,14,2023-08-05 09:05:00,2023-08-05 09:05:00,121.52288,31.10596,2023-08-05 12:23:00,2023-08-05 12:23:00,121.52197,31.07688,805,3.2252986502129724,2023-08-05
9033,1,Shanghai,3443,121.53109,31.0954,525,14,2023-08-11 21:23:00,2023-08-11 21:23:00,121.52284,31.10594,2023-08-11 21:30:00,2023-08-11 21:30:00,121.52284,31.10534,811,0.06652276900836072,2023-08-11
2168190,1,Shanghai,4236,121.53109,31.09535,525,14,2023-06-14 10:08:00,2023-06-14 10:08:00,121.52279,31.10603,2023-06-14 12:04:00,2023-06-14 12:04:00,121.52783,31.06353,614,4.736492079454081,2023-06-14
3969505,1,Shanghai,4467,121.52039,31.07307,614,14,2023-08-22 10:03:00,2023-08-22 10:03:00,121.52273,31.10595,2023-08-22 10:43:00,2023-08-22 10:43:00,121.52095,31.07261,822,3.700338849483993,2023-08-22
3513147,1,Shanghai,4467,121.51894,31.07315,614,14,2023-08-19 17:38:00,2023-08-19 17:38:00,121.52273,31.10605,2023-08-19 18:10:00,2023-08-19 18:10:00,121.51891,31.0731,819,3.671337170497205,2023-08-19
2646534,1,Shanghai,4467,121.52101,31.07347,614,14,2023-09-16 17:28:00,2023-09-16 17:28:00,121.52281,31.10775,2023-09-16 17:53:00,2023-09-16 17:53:00,121.52116,31.07345,916,3.8061334157399673,2023-09-16
1903585,1,Shanghai,4467,121.51938,31.07289,614,14,2023-07-10 10:04:00,2023-07-10 10:04:00,121.52281,31.10605,2023-07-10 11:35:00,2023-07-10 11:35:00,121.51953,31.07278,710,3.701930846072097,2023-07-10
3234663,1,Shanghai,74,121.51864,31.13254,642,14,2023-07-11 12:04:00,2023-07-11 12:04:00,121.52287,31.10597,2023-07-11 13:28:00,2023-07-11 13:28:00,121.51834,31.13281,711,3.0069986564504805,2023-07-11
3251275,1,Shanghai,74,121.51805,31.13245,642,14,2023-09-21 10:29:00,2023-09-21 10:29:00,121.52288,31.10772,2023-09-21 11:27:00,2023-09-21 11:27:00,121.51834,31.13255,921,2.7867915495185085,2023-09-21
946950,1,Shanghai,74,121.51959,31.13027,642,14,2023-10-16 09:22:00,2023-10-16 09:22:00,121.52291,31.10774,2023-10-16 10:20:00,2023-10-16 10:20:00,121.52127,31.13408,1016,2.924543049719578,2023-10-16
3806535,1,Shanghai,74,121.51905,31.13225,642,14,2023-10-11 14:02:00,2023-10-11 14:02:00,121.52283,31.10771,2023-10-11 14:47:00,2023-10-11 14:47:00,121.51977,31.1315,1011,2.6537338059043747,2023-10-11
202314,1,Shanghai,74,121.51958,31.13023,642,14,2023-09-19 09:28:00,2023-09-19 09:28:00,121.52299,31.10774,2023-09-19 10:26:00,2023-09-19 10:26:00,121.51869,31.13307,919,2.8381684209352716,2023-09-19
965179,1,Shanghai,74,121.51932,31.13059,642,14,2023-10-09 13:43:00,2023-10-09 13:43:00,121.52286,31.10784,2023-10-09 14:28:00,2023-10-09 14:28:00,121.51933,31.13057,1009,2.5425038239041617,2023-10-09
1246904,1,Shanghai,74,121.51894,31.13223,642,14,2023-09-05 13:43:00,2023-09-05 13:43:00,121.52289,31.10787,2023-09-05 14:20:00,2023-09-05 14:20:00,121.51946,31.13261,905,2.7624043630225943,2023-09-05
2854977,1,Shanghai,74,121.51918,31.13045,642,14,2023-06-20 14:22:00,2023-06-20 14:22:00,121.52276,31.10592,2023-06-20 15:07:00,2023-06-20 15:07:00,121.51916,31.13046,620,2.7423706107919736,2023-06-20
1387186,1,Shanghai,74,121.51854,31.13274,642,14,2023-09-09 17:51:00,2023-09-09 17:51:00,121.52294,31.10774,2023-09-09 19:06:00,2023-09-09 19:06:00,121.52001,31.13252,909,2.7615746687949705,2023-09-09
2677949,1,Shanghai,74,121.51965,31.13142,642,14,2023-10-14 14:43:00,2023-10-14 14:43:00,121.52293,31.10771,2023-10-14 15:43:00,2023-10-14 15:43:00,121.51964,31.13154,1014,2.6606401262677952,2023-10-14
1619213,1,Shanghai,74,121.51803,31.13259,642,14,2023-10-02 08:50:00,2023-10-02 08:50:00,121.52296,31.10776,2023-10-02 09:41:00,2023-10-02 09:41:00,121.5177,31.13214,1002,2.7492168319821637,2023-10-02
4253094,1,Shanghai,74,121.51793,31.1325,642,14,2023-08-16 14:34:00,2023-08-16 14:34:00,121.5228,31.10592,2023-08-16 15:31:00,2023-08-16 15:31:00,121.5179,31.13252,816,2.985988538173645,2023-08-16
4468285,1,Shanghai,74,121.51956,31.13018,642,14,2023-08-11 12:17:00,2023-08-11 12:17:00,121.52288,31.10603,2023-08-11 13:20:00,2023-08-11 13:20:00,121.51569,31.12879,811,2.6149743502216976,2023-08-11
1901571,1,Shanghai,74,121.518,31.1325,642,14,2023-09-06 12:04:00,2023-09-06 12:04:00,121.52284,31.10775,2023-09-06 13:10:00,2023-09-06 13:10:00,121.51804,31.13231,906,2.761227485298791,2023-09-06
2282209,1,Shanghai,74,121.51802,31.1325,642,14,2023-10-04 09:23:00,2023-10-04 09:23:00,121.52281,31.10772,2023-10-04 10:08:00,2023-10-04 10:08:00,121.51781,31.13246,1004,2.7841144265211177,2023-10-04
2199168,1,Shanghai,74,121.51966,31.13013,642,14,2023-08-16 14:32:00,2023-08-16 14:32:00,121.52287,31.106,2023-08-16 15:42:00,2023-08-16 15:42:00,121.51672,31.12849,816,2.561576995982255,2023-08-16
168166,1,Shanghai,74,121.51917,31.13045,642,14,2023-06-13 14:35:00,2023-06-13 14:35:00,121.52274,31.10592,2023-06-13 17:27:00,2023-06-13 17:27:00,121.51927,31.13053,613,2.748549873639894,2023-06-13
2202111,1,Shanghai,74,121.5195,31.13038,642,14,2023-10-23 08:29:00,2023-10-23 08:29:00,121.52289,31.10784,2023-10-23 14:16:00,2023-10-23 14:16:00,121.51935,31.13142,1023,2.6360660800921147,2023-10-23
4468637,1,Shanghai,74,121.51965,31.13026,642,14,2023-09-15 12:08:00,2023-09-15 12:08:00,121.52286,31.10787,2023-09-15 12:32:00,2023-09-15 12:32:00,121.5191,31.13273,915,2.7795017474022616,2023-09-15
4394122,1,Shanghai,74,121.51967,31.13017,642,14,2023-09-26 11:11:00,2023-09-26 11:11:00,121.52296,31.10776,2023-09-26 11:50:00,2023-09-26 11:50:00,121.51598,31.12916,926,2.464295183563395,2023-09-26
4504305,1,Shanghai,74,121.51808,31.13258,642,14,2023-10-06 08:46:00,2023-10-06 08:46:00,121.52284,31.1078,2023-10-06 09:28:00,2023-10-06 09:28:00,121.51785,31.13234,1006,2.762105978724655,2023-10-06
1978884,1,Shanghai,74,121.518,31.13259,642,14,2023-09-11 09:42:00,2023-09-11 09:42:00,121.52296,31.10788,2023-09-11 10:55:00,2023-09-11 10:55:00,121.51783,31.13237,911,2.7589825183221417,2023-09-11
1386178,1,Shanghai,74,121.51967,31.1302,642,14,2023-09-05 13:41:00,2023-09-05 13:41:00,121.52282,31.10784,2023-09-05 14:34:00,2023-09-05 14:34:00,121.51581,31.12918,905,2.45866755461837,2023-09-05
1942273,1,Shanghai,74,121.51914,31.13052,642,14,2023-06-12 12:18:00,2023-06-12 12:18:00,121.52287,31.10591,2023-06-12 14:16:00,2023-06-12 14:16:00,121.51924,31.1307,612,2.770228716559476,2023-06-12
4144474,1,Shanghai,74,121.51953,31.13028,642,14,2023-08-07 11:08:00,2023-08-07 11:08:00,121.52284,31.10599,2023-08-07 12:32:00,2023-08-07 12:32:00,121.51612,31.12852,807,2.578868017138128,2023-08-07
76773,1,Shanghai,74,121.51857,31.13284,642,14,2023-06-14 12:04:00,2023-06-14 12:04:00,121.52284,31.10593,2023-06-14 13:06:00,2023-06-14 13:06:00,121.51987,31.13269,614,2.9804161428102582,2023-06-14
629428,1,Shanghai,74,121.51966,31.13089,642,14,2023-09-24 08:36:00,2023-09-24 08:36:00,121.52289,31.10787,2023-09-24 09:41:00,2023-09-24 09:41:00,121.51989,31.13082,924,2.5605413305570113,2023-09-24
2969426,1,Shanghai,74,121.51957,31.13011,642,14,2023-06-11 17:06:00,2023-06-11 17:06:00,121.52281,31.106,2023-06-11 18:27:00,2023-06-11 18:27:00,121.51543,31.1291,611,2.656115009266613,2023-06-11
955279,1,Shanghai,74,121.5196,31.13028,642,14,2023-09-16 09:13:00,2023-09-16 09:13:00,121.5229,31.1078,2023-09-16 10:11:00,2023-09-16 10:11:00,121.51913,31.13282,916,2.797216296803718,2023-09-16
858052,1,Shanghai,74,121.51953,31.13018,642,14,2023-07-25 11:34:00,2023-07-25 11:34:00,121.52289,31.10602,2023-07-25 12:28:00,2023-07-25 12:28:00,121.51806,31.13063,725,2.7671701137316345,2023-07-25
1817166,1,Shanghai,74,121.51952,31.13028,642,14,2023-07-09 15:06:00,2023-07-09 15:06:00,121.52277,31.10602,2023-07-09 16:20:00,2023-07-09 16:20:00,121.5162,31.12853,709,2.5731981574961176,2023-07-09
3687044,1,Shanghai,74,121.51919,31.13245,642,14,2023-10-29 11:07:00,2023-10-29 11:07:00,121.52292,31.10775,2023-10-29 12:05:00,2023-10-29 12:05:00,121.51919,31.13241,1029,2.757143593310429,2023-10-29
799696,1,Shanghai,74,121.51933,31.13056,642,14,2023-09-06 14:02:00,2023-09-06 14:02:00,121.52288,31.10776,2023-09-06 15:06:00,2023-09-06 15:06:00,121.51932,31.13057,906,2.5516749284009386,2023-09-06
2720739,1,Shanghai,74,121.51914,31.13058,642,14,2023-06-14 12:04:00,2023-06-14 12:04:00,121.52272,31.10594,2023-06-14 12:54:00,2023-06-14 12:54:00,121.51925,31.13067,614,2.761758096001776,2023-06-14
3522302,1,Shanghai,74,121.51766,31.13313,642,14,2023-06-18 15:07:00,2023-06-18 15:07:00,121.52276,31.10609,2023-06-18 16:02:00,2023-06-18 16:02:00,121.51931,31.13348,618,3.05454912089685,2023-06-18
2339586,1,Shanghai,74,121.51906,31.13052,642,14,2023-10-13 10:37:00,2023-10-13 10:37:00,121.52296,31.10782,2023-10-13 11:15:00,2023-10-13 11:15:00,121.51907,31.13057,1013,2.549472584305264,2023-10-13
2287542,1,Shanghai,74,121.51961,31.13011,642,14,2023-10-19 09:00:00,2023-10-19 09:00:00,121.52282,31.10779,2023-10-19 09:46:00,2023-10-19 09:46:00,121.51583,31.12915,1019,2.4602838575727857,2023-10-19
1212356,1,Shanghai,74,121.51894,31.13226,642,14,2023-07-16 13:53:00,2023-07-16 13:53:00,121.52275,31.10609,2023-07-16 14:38:00,2023-07-16 14:38:00,121.51943,31.13149,716,2.833886057776626,2023-07-16
2397666,1,Shanghai,74,121.52004,31.1305,642,14,2023-09-22 17:13:00,2023-09-22 17:13:00,121.52295,31.10783,2023-09-22 17:28:00,2023-09-22 17:28:00,121.51992,31.13057,922,2.5377297952668636,2023-09-22
4230231,1,Shanghai,74,121.51856,31.13276,642,14,2023-09-23 17:32:00,2023-09-23 17:32:00,121.52286,31.1078,2023-09-23 17:58:00,2023-09-23 17:58:00,121.51858,31.13265,923,2.785239117513158,2023-09-23
43434,1,Shanghai,74,121.5196,31.13014,642,14,2023-07-24 11:11:00,2023-07-24 11:11:00,121.52287,31.10598,2023-07-24 11:37:00,2023-07-24 11:37:00,121.51552,31.12888,724,2.6339772898934406,2023-07-24
1929981,1,Shanghai,74,121.51944,31.13074,642,14,2023-09-04 18:12:00,2023-09-04 18:12:00,121.52289,31.10783,2023-09-04 18:46:00,2023-09-04 18:46:00,121.5195,31.13063,904,2.54846789572552,2023-09-04
322011,1,Shanghai,74,121.51893,31.13069,642,14,2023-08-15 14:19:00,2023-08-15 14:19:00,121.52278,31.10596,2023-08-15 14:42:00,2023-08-15 14:42:00,121.51905,31.13068,815,2.7637405026154007,2023-08-15
1592830,1,Shanghai,74,121.51961,31.13022,642,14,2023-07-05 09:48:00,2023-07-05 09:48:00,121.52287,31.10602,2023-07-05 11:22:00,2023-07-05 11:22:00,121.51948,31.13045,705,2.7278242013258964,2023-07-05
2784078,1,Shanghai,74,121.51811,31.13154,642,14,2023-08-31 10:56:00,2023-08-31 10:56:00,121.52296,31.10771,2023-08-31 12:00:00,2023-08-31 12:00:00,121.51818,31.13205,831,2.736857989462178,2023-08-31
52657,1,Shanghai,74,121.51953,31.13027,642,14,2023-07-29 12:11:00,2023-07-29 12:11:00,121.52281,31.10608,2023-07-29 13:37:00,2023-07-29 13:37:00,121.52755,31.13432,729,3.1634870577101073,2023-07-29
806581,1,Shanghai,74,121.51823,31.13255,642,14,2023-08-21 09:53:00,2023-08-21 09:53:00,121.52271,31.10607,2023-08-21 10:53:00,2023-08-21 10:53:00,121.5195,31.13333,821,3.0378274484179064,2023-08-21
2469781,1,Shanghai,74,121.51968,31.13029,642,14,2023-09-29 09:04:00,2023-09-29 09:04:00,121.52288,31.1078,2023-09-29 09:51:00,2023-09-29 09:51:00,121.51834,31.13279,929,2.8043168224486332,2023-09-29
2361302,1,Shanghai,74,121.5191,31.13052,642,14,2023-09-22 12:06:00,2023-09-22 12:06:00,121.52292,31.10774,2023-09-22 13:10:00,2023-09-22 13:10:00,121.51924,31.13058,922,2.5565179760738257,2023-09-22
517777,1,Shanghai,74,121.51965,31.13014,642,14,2023-06-11 16:45:00,2023-06-11 16:45:00,121.52289,31.10598,2023-06-11 18:47:00,2023-06-11 18:47:00,121.51911,31.13025,611,2.7149003808705396,2023-06-11
995297,1,Shanghai,74,121.51962,31.13013,642,14,2023-10-01 08:35:00,2023-10-01 08:35:00,121.52292,31.10773,2023-10-01 09:14:00,2023-10-01 09:14:00,121.5213,31.13398,1001,2.914477159363926,2023-10-01
3196186,1,Shanghai,84,121.51797,31.13254,642,14,2023-10-31 09:17:00,2023-10-31 09:17:00,121.52292,31.10773,2023-10-31 11:24:00,2023-10-31 11:24:00,121.52453,31.13248,1031,2.7483641811648307,2023-10-31
3050175,1,Shanghai,84,121.51927,31.13051,642,14,2023-09-02 18:14:00,2023-09-02 18:14:00,121.52282,31.10774,2023-09-02 18:37:00,2023-09-02 18:37:00,121.51925,31.13046,902,2.541913203712005,2023-09-02
930530,1,Shanghai,84,121.51951,31.13011,642,14,2023-05-31 08:48:00,2023-05-31 08:48:00,121.52284,31.10602,2023-05-31 12:51:00,2023-05-31 12:51:00,121.51916,31.12971,531,2.649897916094999,2023-05-31
3833592,1,Shanghai,84,121.5197,31.13145,642,14,2023-09-06 17:33:00,2023-09-06 17:33:00,121.52293,31.10775,2023-09-06 18:15:00,2023-09-06 18:15:00,121.51975,31.13151,906,2.6517127784871706,2023-09-06
2057132,1,Shanghai,2541,121.51992,31.1304,642,14,2023-09-09 14:46:00,2023-09-09 14:46:00,121.52283,31.10775,2023-09-09 15:42:00,2023-09-09 15:42:00,121.52,31.13046,909,2.5323207527176494,2023-09-09
4457722,1,Shanghai,540,121.56384,31.07873,768,14,2023-09-13 14:53:00,2023-09-13 14:53:00,121.52283,31.10786,2023-09-13 16:22:00,2023-09-13 16:22:00,121.56361,31.07851,913,5.072260251025859,2023-09-13
2685689,1,Shanghai,1005,121.56383,31.07869,768,14,2023-08-25 12:51:00,2023-08-25 12:51:00,121.52271,31.106,2023-08-25 15:11:00,2023-08-25 15:11:00,121.5648,31.07957,825,4.971323284799823,2023-08-25
4308008,1,Shanghai,1005,121.56396,31.07879,768,14,2023-08-28 12:23:00,2023-08-28 12:23:00,121.52291,31.10771,2023-08-28 15:53:00,2023-08-28 15:53:00,121.56277,31.07783,828,5.0436560511132775,2023-08-28
1777438,1,Shanghai,1005,121.56396,31.07871,768,14,2023-08-23 17:20:00,2023-08-23 17:20:00,121.52279,31.10596,2023-08-23 20:07:00,2023-08-23 20:07:00,121.5627,31.07887,823,4.849850715097356,2023-08-23
2812801,1,Shanghai,1005,121.56248,31.07878,768,14,2023-08-17 14:29:00,2023-08-17 14:29:00,121.52273,31.10602,2023-08-17 16:20:00,2023-08-17 16:20:00,121.5618,31.07889,817,4.789963231619712,2023-08-17
3829536,1,Shanghai,1005,121.56391,31.07863,768,14,2023-08-16 17:48:00,2023-08-16 17:48:00,121.52284,31.10608,2023-08-16 18:25:00,2023-08-16 18:25:00,121.5639,31.07927,816,4.917634105382317,2023-08-16
3534025,1,Shanghai,1005,121.56255,31.07881,768,14,2023-08-17 14:29:00,2023-08-17 14:29:00,121.52276,31.10605,2023-08-17 16:12:00,2023-08-17 16:12:00,121.56278,31.0788,817,4.869082480651914,2023-08-17
2126580,1,Shanghai,1005,121.56383,31.07866,768,14,2023-08-23 17:20:00,2023-08-23 17:20:00,121.52285,31.106,2023-08-23 20:13:00,2023-08-23 20:13:00,121.56242,31.07795,823,4.891407546082921,2023-08-23
2822650,1,Shanghai,2690,121.56391,31.07865,768,14,2023-09-15 14:08:00,2023-09-15 14:08:00,121.52298,31.10776,2023-09-15 17:19:00,2023-09-15 17:19:00,121.56222,31.07858,915,4.948101636798091,2023-09-15
3735393,1,Shanghai,2690,121.56329,31.07946,768,14,2023-09-16 14:31:00,2023-09-16 14:31:00,121.52292,31.10783,2023-09-16 15:47:00,2023-09-16 15:47:00,121.56394,31.07963,916,5.00927397089648,2023-09-16
226355,1,Shanghai,2690,121.56398,31.07861,768,14,2023-10-08 09:32:00,2023-10-08 09:32:00,121.52285,31.10772,2023-10-08 16:13:00,2023-10-08 16:13:00,121.56313,31.07947,1008,4.957811546051849,2023-10-08
2647664,1,Shanghai,2690,121.56386,31.07868,768,14,2023-10-07 09:16:00,2023-10-07 09:16:00,121.52281,31.10782,2023-10-07 10:58:00,2023-10-07 10:58:00,121.57413,31.09046,1007,5.260925921997329,2023-10-07
4306183,1,Shanghai,2690,121.56397,31.0787,768,14,2023-08-18 14:18:00,2023-08-18 14:18:00,121.5228,31.10596,2023-08-18 17:11:00,2023-08-18 17:11:00,121.56278,31.07794,818,4.919564493517842,2023-08-18
2417245,1,Shanghai,2690,121.56388,31.07867,768,14,2023-09-30 11:34:00,2023-09-30 11:34:00,121.52299,31.10779,2023-09-30 14:42:00,2023-09-30 14:42:00,121.56365,31.07846,930,5.062060015599128,2023-09-30
154909,1,Shanghai,2690,121.56397,31.0787,768,14,2023-09-20 09:16:00,2023-09-20 09:16:00,121.52286,31.1078,2023-09-20 11:35:00,2023-09-20 11:35:00,121.56471,31.07941,920,5.084404951191286,2023-09-20
2722797,1,Shanghai,2690,121.5639,31.07867,768,14,2023-10-07 09:16:00,2023-10-07 09:16:00,121.52282,31.10776,2023-10-07 10:47:00,2023-10-07 10:47:00,121.56364,31.07954,1007,4.9957702477206585,2023-10-07
2847206,1,Shanghai,2690,121.56397,31.07864,768,14,2023-10-09 13:01:00,2023-10-09 13:01:00,121.52294,31.10784,2023-10-09 16:03:00,2023-10-09 16:03:00,121.56382,31.07968,1009,4.996071148411259,2023-10-09
2564410,1,Shanghai,2690,121.5639,31.07867,768,14,2023-10-05 11:21:00,2023-10-05 11:21:00,121.52295,31.10781,2023-10-05 12:54:00,2023-10-05 12:54:00,121.56246,31.07895,1005,4.944583195951575,2023-10-05
1928561,1,Shanghai,2690,121.56388,31.07878,768,14,2023-10-04 12:10:00,2023-10-04 12:10:00,121.5229,31.10783,2023-10-04 13:13:00,2023-10-04 13:13:00,121.56191,31.07935,1004,4.880943229787453,2023-10-04
4290759,1,Shanghai,2690,121.56397,31.07954,768,14,2023-09-25 13:50:00,2023-09-25 13:50:00,121.52283,31.10784,2023-09-25 15:18:00,2023-09-25 15:18:00,121.56391,31.07968,925,5.010982594849805,2023-09-25
800272,1,Shanghai,2690,121.56396,31.07869,768,14,2023-09-08 15:46:00,2023-09-08 15:46:00,121.52296,31.10785,2023-09-08 17:21:00,2023-09-08 17:21:00,121.56224,31.07832,908,4.976436119246479,2023-09-08
3873180,1,Shanghai,2690,121.56388,31.07877,768,14,2023-09-24 11:19:00,2023-09-24 11:19:00,121.52284,31.10784,2023-09-24 13:28:00,2023-09-24 13:28:00,121.56282,31.07957,924,4.937060852422909,2023-09-24
3276269,1,Shanghai,2690,121.56383,31.07868,768,14,2023-09-29 09:22:00,2023-09-29 09:22:00,121.52293,31.10789,2023-09-29 10:42:00,2023-09-29 10:42:00,121.5638,31.07966,929,5.000180206014909,2023-09-29
346609,1,Shanghai,2690,121.56249,31.07884,768,14,2023-09-09 13:53:00,2023-09-09 13:53:00,121.52296,31.10779,2023-09-09 14:49:00,2023-09-09 14:49:00,121.56269,31.07888,909,4.964183566429231,2023-09-09
367333,1,Shanghai,2690,121.56384,31.07878,768,14,2023-09-05 17:23:00,2023-09-05 17:23:00,121.52297,31.1078,2023-09-05 17:26:00,2023-09-05 17:26:00,121.56182,31.07844,905,4.9331540781511025,2023-09-05
2055545,1,Shanghai,2690,121.56386,31.07869,768,14,2023-10-02 11:50:00,2023-10-02 11:50:00,121.52298,31.10778,2023-10-02 13:24:00,2023-10-02 13:24:00,121.56235,31.07744,1002,5.042381279567707,2023-10-02
2627511,1,Shanghai,2690,121.56387,31.07954,768,14,2023-10-07 13:43:00,2023-10-07 13:43:00,121.52291,31.10773,2023-10-07 14:42:00,2023-10-07 14:42:00,121.56385,31.0795,1007,5.0053954910235126,2023-10-07
1659399,1,Shanghai,2690,121.56385,31.07863,768,14,2023-09-18 11:38:00,2023-09-18 11:38:00,121.52281,31.10771,2023-09-18 12:37:00,2023-09-18 12:37:00,121.56479,31.07923,918,5.100327528700463,2023-09-18
2085101,1,Shanghai,2690,121.56384,31.07864,768,14,2023-09-17 13:14:00,2023-09-17 13:14:00,121.5229,31.1078,2023-09-17 14:35:00,2023-09-17 14:35:00,121.5621,31.07922,917,4.901942831514746,2023-09-17
28119,1,Shanghai,2690,121.56387,31.07862,768,14,2023-09-16 14:30:00,2023-09-16 14:30:00,121.52281,31.10782,2023-09-16 15:41:00,2023-09-16 15:41:00,121.56255,31.07782,916,5.043790649677822,2023-09-16
3743046,1,Shanghai,2690,121.56388,31.07872,768,14,2023-08-31 09:42:00,2023-08-31 09:42:00,121.52283,31.10785,2023-08-31 11:12:00,2023-08-31 11:12:00,121.54671,31.07391,831,4.3990158933736945,2023-08-31
926691,1,Shanghai,2690,121.56383,31.07871,768,14,2023-10-03 11:24:00,2023-10-03 11:24:00,121.52289,31.10787,2023-10-03 14:29:00,2023-10-03 14:29:00,121.56275,31.07896,1003,4.973658955999169,2023-10-03
2322555,1,Shanghai,2690,121.56394,31.07878,768,14,2023-10-05 11:21:00,2023-10-05 11:21:00,121.5229,31.10784,2023-10-05 13:02:00,2023-10-05 13:02:00,121.56504,31.07885,1005,5.147445165181471,2023-10-05
2002084,1,Shanghai,2690,121.56391,31.0787,768,14,2023-10-06 10:51:00,2023-10-06 10:51:00,121.52297,31.10776,2023-10-06 14:28:00,2023-10-06 14:28:00,121.56242,31.07875,1006,4.951011627782512,2023-10-06
1441160,1,Shanghai,2690,121.56381,31.07862,768,14,2023-09-04 16:07:00,2023-09-04 16:07:00,121.52292,31.10777,2023-09-04 17:26:00,2023-09-04 17:26:00,121.5641,31.07965,904,5.015692660387955,2023-09-04
2455785,1,Shanghai,2690,121.5639,31.07867,768,14,2023-10-02 11:52:00,2023-10-02 11:52:00,121.52298,31.10781,2023-10-02 13:16:00,2023-10-02 13:16:00,121.56248,31.07927,1002,4.9209629844455645,2023-10-02
3070575,1,Shanghai,2690,121.5639,31.07869,768,14,2023-09-28 14:11:00,2023-09-28 14:11:00,121.52283,31.10778,2023-09-28 15:36:00,2023-09-28 15:36:00,121.56259,31.07928,928,4.937147892224627,2023-09-28
857302,1,Shanghai,2923,121.56388,31.07867,768,14,2023-07-22 09:47:00,2023-07-22 09:47:00,121.52273,31.10607,2023-07-22 12:30:00,2023-07-22 12:30:00,121.56507,31.07882,722,5.044541776239668,2023-07-22
2278671,1,Shanghai,2923,121.56258,31.07884,768,14,2023-07-16 10:34:00,2023-07-16 10:34:00,121.52282,31.10609,2023-07-16 13:30:00,2023-07-16 13:30:00,121.56268,31.07877,716,4.861951149156951,2023-07-16
3957176,1,Shanghai,2923,121.56395,31.07876,768,14,2023-07-23 09:52:00,2023-07-23 09:52:00,121.52276,31.10597,2023-07-23 14:23:00,2023-07-23 14:23:00,121.56224,31.07869,723,4.830868452589277,2023-07-23
819966,1,Shanghai,103,121.50677,31.12621,815,14,2023-07-03 12:53:00,2023-07-03 12:53:00,121.52272,31.10594,2023-07-03 14:39:00,2023-07-03 14:39:00,121.50625,31.12606,703,2.7284363091360513,2023-07-03
